Timestamp,Open,High,Low,Close,Volume
2012-01-03, 58.4857, 58.9286, 58.4286, 58.7471,75476123
2012-01-04, 58.5714, 59.24, 58.4686, 59.0628,64703000
2012-01-05, 59.2786, 59.7928, 58.9528, 59.7186,67606475
2012-01-06, 59.9671, 60.3928, 59.8886, 60.3428,79538994
2012-01-09, 60.7857, 61.1071, 60.1928, 60.2471,98339110
2012-01-10, 60.8443, 60.8571, 60.2143, 60.4628,64474443
2012-01-11, 60.3828, 60.4071, 59.9014, 60.3643,53739093
2012-01-12, 60.3257, 60.4143, 59.8214, 60.1986,53125179
2012-01-13, 59.9571, 60.0643, 59.8086, 59.9728,56446393
2012-01-17, 60.6, 60.8557, 60.4228, 60.6714,60589792
2012-01-18, 60.9943, 61.3528, 60.9, 61.3014,68859875
2012-01-19, 61.45, 61.6241, 60.93, 61.1071,65151043
2012-01-20, 61.07, 61.0714, 59.9643, 60.0428,103061661
2012-01-23, 60.3814, 61.2071, 60.3286, 61.0584,76162193
2012-01-24, 60.7286, 60.7286, 59.9357, 60.0586,127725188
2012-01-25, 64.92, 64.9214, 63.39, 63.8086,239249712
2012-01-26, 64.0514, 64.1128, 63.3057, 63.5186,80913094
2012-01-27, 63.4771, 64.0686, 63.3957, 63.8971,74902122
2012-01-30, 63.6728, 64.8428, 63.6271, 64.7157,94626868
2012-01-31, 65.0843, 65.4628, 64.7243, 65.2114,97874379
2012-02-01, 65.4871, 65.57, 65.0786, 65.17,67269418
2012-02-02, 65.1286, 65.31, 64.8543, 65.0171,46615058
2012-02-03, 65.3286, 65.7143, 65.08, 65.6686,71618981
2012-02-06, 65.4828, 66.4257, 65.4573, 66.2814,62225658
2012-02-07, 66.4643, 67.1071, 66.3687, 66.9757,78941684
2012-02-08, 67.2143, 68.1128, 67.1, 68.0971,101696381
2012-02-09, 68.68, 70.9643, 68.6514, 70.4528,220416976
2012-02-10, 70.1371, 71.0886, 69.7928, 70.4886,157587127
2012-02-13, 71.3614, 71.9757, 71.0128, 71.8,128970559
2012-02-14, 72.0943, 72.7943, 71.7143, 72.78,114963904
2012-02-15, 73.4657, 75.1843, 70.9843, 71.0957,374517892
2012-02-16, 70.2143, 72.1271, 69.5186, 71.7443,235805641
2012-02-17, 71.8728, 72.5385, 71.4714, 71.7314,133666300
2012-02-21, 72.4114, 73.55, 72.0171, 73.55,150412545
2012-02-22, 73.2971, 73.6414, 72.7243, 73.2914,120564116
2012-02-23, 73.5828, 73.9756, 72.7857, 73.77,141721973
2012-02-24, 74.2385, 74.7, 74.0914, 74.63,103715531
2012-02-27, 74.4728, 75.5, 73.7543, 75.1085,136457481
2012-02-28, 75.4228, 76.4871, 75.1214, 76.4871,149434575
2012-02-29, 77.3657, 78.23, 76.5285, 77.4914,237448891
2012-03-01, 78.31, 78.3157, 76.9671, 77.7814,170563731
2012-03-02, 77.7485, 78.1143, 77.5028, 77.8828,107544392
2012-03-05, 77.9171, 78.2114, 75.1428, 76.1657,201797181
2012-03-06, 74.8085, 76.2414, 73.7458, 75.7514,202211301
2012-03-07, 76.6857, 76.8257, 74.7571, 75.8128,198964910
2012-03-08, 76.3843, 77.57, 76.0171, 77.4271,128668929
2012-03-09, 77.7443, 78.2485, 77.5871, 77.8814,104560151
2012-03-12, 78.426, 78.8571, 78.1428, 78.8571,101001000
2012-03-13, 79.6485, 81.1685, 79.3928, 81.1571,172173592
2012-03-14, 82.5785, 84.96, 82.2, 84.2257,353599156
2012-03-15, 85.6585, 85.7157, 82.65, 83.6514,289496777
2012-03-16, 83.5314, 84.1714, 82.5714, 83.6528,206076492
2012-03-19, 85.4814, 85.9671, 84.15, 85.8714,224435817
2012-03-20, 85.6443, 86.7, 83.1428, 86.5657,203497481
2012-03-21, 86.1057, 87.0928, 85.9157, 86.0714,160447118
2012-03-22, 85.3971, 86.3571, 85.0757, 85.62,155867437
2012-03-23, 85.7843, 85.9714, 84.9144, 85.15,107403062
2012-03-26, 85.6843, 86.7357, 85.0371, 86.7114,148719035
2012-03-27, 86.5971, 88.04, 86.58, 87.7828,151353625
2012-03-28, 88.34, 88.7785, 87.1871, 88.2314,163667329
2012-03-29, 87.54, 88.08, 86.7471, 87.1228,151111705
2012-03-30, 86.9671, 87.2228, 85.42, 85.65,182067395
2012-04-02, 85.9757, 88.3957, 85.7685, 88.3757,149091365
2012-04-03, 89.6143, 90.3157, 88.93, 89.9028,208117692
2012-04-04, 89.1928, 89.4085, 88.1428, 89.1871,142980433
2012-04-05, 89.5685, 90.6657, 89.0571, 90.5257,159997578
2012-04-09, 89.4471, 91.4057, 89.3285, 90.89,149052655
2012-04-10, 91.4185, 92, 89.4285, 89.7771,221909237
2012-04-11, 90.8857, 90.9814, 89.0489, 89.4571,173844142
2012-04-12, 89.2857, 90.19, 88.6428, 88.9671,153188746
2012-04-13, 89.1585, 89.2428, 86.2157, 86.4614,214640084
2012-04-16, 87.1514, 87.1828, 82.6071, 82.8757,262356159
2012-04-17, 82.7057, 87.1428, 81.7014, 87.1,255328647
2012-04-18, 87.6743, 88.6071, 86.1014, 86.9057,238277411
2012-04-19, 85.7457, 86.3903, 83.5028, 83.92,208302982
2012-04-20, 84.4828, 84.9457, 81.4885, 81.8543,257480867
2012-04-23, 81.5157, 82.3814, 79.5171, 81.6714,241398292
2012-04-24, 80.3728, 81.0985, 79.2857, 80.04,263552249
2012-04-25, 87.9478, 88.2857, 86.5714, 87.1428,225862488
2012-04-26, 87.7528, 87.8128, 86.0185, 86.8143,133588810
2012-04-27, 86.4385, 86.5971, 85.7857, 86.1428,101533910
2012-04-30, 85.4, 85.4857, 83.2857, 83.4257,126321688
2012-05-01, 83.5571, 85.2514, 83.0328, 83.1614,152492176
2012-05-02, 82.8914, 83.9142, 82.6943, 83.7114,106750312
2012-05-03, 84.3571, 84.4857, 82.9, 83.1171,97380669
2012-05-04, 82.44, 82.6228, 80.7385, 80.75,132304520
2012-05-07, 80.2143, 81.8243, 80.1757, 81.3543,114959564
2012-05-08, 81.3685, 81.6428, 79.8185, 81.1685,124080357
2012-05-09, 80.5285, 81.9968, 80.1214, 81.3114,120022806
2012-05-10, 82.0828, 82.2685, 81.2058, 81.5028,83026395
2012-05-11, 80.7143, 82.0671, 80.6214, 80.9585,99653570
2012-05-14, 80.3671, 81.0728, 79.6571, 79.7457,87975396
2012-05-15, 80.2071, 80.46, 78.8214, 79.0243,118859546
2012-05-16, 79.15, 79.5557, 77.2914, 78.0107,139914782
2012-05-17, 77.9014, 78.2143, 75.7314, 75.7314,178603164
2012-05-18, 76.28, 77.63, 74.5971, 75.7685,182773345
2012-05-21, 76.3571, 80.22, 76.2928, 80.1828,157250007
2012-05-22, 81.3643, 81.9828, 78.94, 79.5671,173417772
2012-05-23, 79.6428, 81.8285, 79.0328, 81.5085,145594164
2012-05-24, 82.2671, 82.3571, 80.1757, 80.76,123856147
2012-05-25, 80.6557, 80.8357, 79.7817, 80.3271,81958125
2012-05-29, 81.5571, 82, 80.7585, 81.7528,94973228
2012-05-30, 81.3143, 82.8557, 80.9371, 82.7385,132188320
2012-05-31, 82.9628, 83.0714, 81.6371, 82.5328,122817347
2012-06-01, 81.3085, 81.8071, 80.0743, 80.1414,130080689
2012-06-04, 80.2143, 81.0714, 78.3571, 80.6128,138991972
2012-06-05, 80.1814, 80.9243, 79.7614, 80.4043,96944429
2012-06-06, 81.11, 81.9785, 80.7857, 81.6371,100135800
2012-06-07, 82.47, 82.4743, 81.5, 81.6743,94916808
2012-06-08, 81.6571, 82.9405, 81.2857, 82.9028,86587996
2012-06-11, 83.96, 84.0714, 81.5185, 81.5957,147605824
2012-06-12, 82.0657, 82.3743, 80.9571, 82.3085,108784723
2012-06-13, 82.0743, 82.64, 81.4828, 81.7371,73380042
2012-06-14, 81.6057, 81.9285, 81.0371, 81.6471,86325986
2012-06-15, 81.5714, 82.0885, 81.3643, 82.0185,83596545
2012-06-18, 81.5657, 83.9843, 81.4814, 83.6828,109922713
2012-06-19, 83.3428, 84.2857, 83.3, 83.9157,90239127
2012-06-20, 84.03, 84.1785, 82.9714, 83.6773,89706357
2012-06-21, 83.6343, 84.0314, 82.4914, 82.5243,81511944
2012-06-22, 82.72, 83.17, 82.2028, 83.1571,70792001
2012-06-25, 82.4714, 82.8285, 81.4814, 81.5378,75963043
2012-06-26, 81.6185, 82.07, 81.0471, 81.7178,69124972
2012-06-27, 82.1428, 82.3914, 81.7028, 82.0714,50737114
2012-06-28, 81.6671, 82, 80.8014, 81.2928,70572061
2012-06-29, 82.5714, 83.4285, 82.0357, 83.4285,105131912
2012-07-02, 83.5328, 84.7814, 83.3714, 84.6457,99806940
2012-07-03, 84.9828, 85.7143, 84.8571, 85.63,60428183
2012-07-05, 85.7943, 87.7628, 85.6643, 87.1343,120978516
2012-07-06, 86.7271, 86.92, 85.94, 86.5543,104693151
2012-07-09, 86.4714, 87.7, 86.3014, 87.6985,94701768
2012-07-10, 88.2814, 88.5528, 86.4728, 86.8871,127763688
2012-07-11, 86.5885, 86.8085, 85.3171, 86.3471,117068665
2012-07-12, 85.7485, 86.21, 84.6685, 85.5571,106873442
2012-07-13, 86.1357, 86.7414, 85.7143, 86.4243,77827633
2012-07-16, 86.4457, 87.3743, 86.4314, 86.7014,75263813
2012-07-17, 87.2557, 87.3571, 86.1643, 86.7057,73378782
2012-07-18, 86.6557, 86.9057, 86.2228, 86.6085,62685509
2012-07-19, 87.3257, 87.9071, 86.5714, 87.76,108981913
2012-07-20, 87.5757, 87.7771, 86.2428, 86.3285,99227200
2012-07-23, 84.9143, 86.5571, 83.9585, 86.2614,121642186
2012-07-24, 86.7685, 87.0971, 85.5014, 85.8457,137351661
2012-07-25, 82.0657, 82.9714, 81.4285, 82.1385,219211506
2012-07-26, 82.8228, 82.9143, 81.48, 82.1257,101611050
2012-07-27, 82.1443, 83.69, 81.6557, 83.5943,100956620
2012-07-30, 84.4171, 85.6343, 83.9743, 85.0043,94626868
2012-07-31, 86.1757, 87.3857, 86.1028, 87.2514,115373055
2012-08-01, 87.9864, 88.0571, 86.1428, 86.6871,96002719
2012-08-02, 86.12, 87.2414, 85.75, 86.8271,83023385
2012-08-03, 87.6614, 88.2828, 87.3657, 87.9571,86083296
2012-08-06, 88.1843, 89.2668, 87.8943, 88.9357,75488233
2012-08-07, 88.9671, 89.2857, 88.2914, 88.702,72558872
2012-08-08, 88.4843, 89.1257, 88.1571, 88.5514,60970746
2012-08-09, 88.2643, 88.8185, 88.2571, 88.6757,55081834
2012-08-10, 88.3871, 88.8228, 88.3857, 88.8143,48726623
2012-08-13, 89.0557, 90, 89.0357, 90,69562052
2012-08-14, 90.2671, 91.23, 90.03, 90.2414,84939075
2012-08-15, 90.1857, 90.5714, 89.6785, 90.1185,64307325
2012-08-16, 90.1728, 90.9657, 90.0714, 90.9057,63601368
2012-08-17, 91.4285, 92.5985, 91.2585, 92.5871,110457373
2012-08-20, 92.8585, 95.0214, 92.8428, 95.0214,152992536
2012-08-21, 95.8314, 96.4114, 92.9043, 93.7231,202792581
2012-08-22, 93.4885, 95.5714, 92.5871, 95.5528,140900172
2012-08-23, 95.1585, 95.7, 94.45, 94.6614,104855271
2012-08-24, 94.2157, 95.64, 93.65, 94.746,107074132
2012-08-27, 97.1414, 97.2671, 96.22, 96.5257,106575802
2012-08-28, 96.4253, 96.5857, 95.8104, 96.4,66709096
2012-08-29, 96.4643, 96.81, 96.0857, 96.2094,50544551
2012-08-30, 95.8057, 95.9363, 94.6933, 94.8383,75514273
2012-08-31, 95.3214, 95.5143, 93.8928, 95.0343,84463495
2012-09-04, 95.1085, 96.4485, 94.9285, 96.4243,91805028
2012-09-05, 96.51, 96.6214, 95.6571, 95.7471,83949835
2012-09-06, 96.1671, 96.8985, 95.8285, 96.61,97738999
2012-09-07, 96.8643, 97.4971, 96.5385, 97.2057,82228185
2012-09-10, 97.2071, 97.6128, 94.5857, 94.6771,121551956
2012-09-11, 95.0157, 95.7285, 93.7857, 94.37,125760918
2012-09-12, 95.2643, 95.7, 93.7143, 95.6843,177589913
2012-09-13, 96.7671, 97.9285, 96.3957, 97.5685,149262095
2012-09-14, 98.565, 99.5685, 98.27, 98.7543,149877325
2012-09-17, 99.9071, 99.9714, 99.23, 99.9687,98918360
2012-09-18, 99.9828, 100.3328, 99.4885, 100.2728,93139368
2012-09-19, 100.0371, 100.57, 99.9385, 100.3,81575714
2012-09-20, 99.88, 100.0085, 99.0885, 99.8143,83949835
2012-09-21, 100.3443, 100.7243, 99.9088, 100.0135,142582763
2012-09-24, 98.1228, 99.3028, 97.5714, 98.6843,159435968
2012-09-25, 98.3228, 98.9685, 96.1428, 96.22,129376629
2012-09-26, 95.5343, 96.0985, 94.4571, 95.0257,144088393
2012-09-27, 94.8985, 97.4528, 94.3357, 97.3314,148037514
2012-09-28, 96.9643, 97.3014, 95.25, 95.3007,133569490
2012-10-01, 95.88, 96.6785, 93.7857, 94.1985,135694481
2012-10-02, 94.5443, 95.1928, 92.95, 94.4728,156293037
2012-10-03, 94.98, 95.98, 94.6614, 95.9214,105850532
2012-10-04, 95.8928, 96.3214, 95.0785, 95.2571,92516018
2012-10-05, 95.0285, 95.1428, 93.04, 93.2271,148189554
2012-10-08, 92.4114, 92.5085, 90.8728, 91.1671,159189568
2012-10-09, 91.2357, 91.4985, 89.0785, 90.8357,209390853
2012-10-10, 91.3914, 92.14, 91, 91.5585,127322338
2012-10-11, 92.3571, 92.4571, 89.7285, 89.7285,136341211
2012-10-12, 89.9371, 90.7685, 89.3285, 89.9591,114883754
2012-10-15, 90.3357, 90.7328, 89.1214, 90.68,107948432
2012-10-16, 90.7671, 92.9, 90.1428, 92.8275,137208791
2012-10-17, 92.6957, 93.2557, 92, 92.0876,97195099
2012-10-18, 91.37, 91.7228, 90, 90.3771,119025656
2012-10-19, 90.15, 90.2528, 87.0885, 87.12,185618286
2012-10-22, 87.4885, 90.7685, 87.2514, 90.5757,136374671
2012-10-23, 90.1428, 90.5571, 87.3857, 87.6222,176497913
2012-10-24, 88.7771, 89.5071, 87.2343, 88.1185,139246492
2012-10-25, 88.5714, 88.8571, 86.5071, 87.0768,159313328
2012-10-26, 87.0614, 87.7143, 84.4285, 86.2857,254608276
2012-10-31, 84.9828, 85.9943, 83.9571, 85.0457,127361118
2012-11-01, 85.46, 86.1428, 84.8814, 85.22,90287637
2012-11-02, 85.1271, 85.2785, 82.1071, 82.4,149722555
2012-11-05, 83.3593, 83.9671, 82.5143, 83.5173,132221850
2012-11-06, 84.3185, 84.3914, 82.87, 83.2642,93580438
2012-11-07, 81.9764, 82.0771, 79.3928, 79.7145,198152419
2012-11-08, 80.09, 80.3185, 76.47, 76.8214,263467059
2012-11-09, 77.2028, 79.2685, 76.2457, 78.1514,232298080
2012-11-12, 79.1643, 79.2143, 76.95, 77.5471,128801509
2012-11-13, 76.9871, 78.64, 76.6228, 77.5568,133201920
2012-11-14, 77.9285, 78.2071, 76.5971, 76.6971,119026076
2012-11-15, 76.79, 77.0714, 74.66, 75.0885,197157859
2012-11-16, 75.0285, 75.7143, 72.25, 75.3825,316194785
2012-11-19, 77.2443, 81.0714, 77.1257, 80.8185,205441312
2012-11-20, 81.7014, 81.7071, 79.2257, 80.1305,160537558
2012-11-21, 80.6071, 81.0528, 79.5143, 80.2428,93231278
2012-11-23, 81.0243, 81.7143, 80.3714, 81.6428,68206599
2012-11-26, 82.2714, 84.2857, 81.9585, 84.2185,157238387
2012-11-27, 84.2214, 84.3457, 82.8714, 83.54,133099650
2012-11-28, 82.4671, 83.6857, 81.7514, 83.2771,130112749
2012-11-29, 84.3164, 84.8928, 83.6071, 84.1943,128394879
2012-11-30, 83.8271, 84.0571, 83.24, 83.6114,97622309
2012-12-03, 84.8071, 84.9414, 83.6428, 83.7414,90911547
2012-12-04, 83.1143, 83.1143, 81.7328, 82.2636,138712182
2012-12-05, 81.2728, 81.3214, 76.9671, 76.9703,259803118
2012-12-06, 75.5628, 79.0443, 74.09, 78.1778,294065958
2012-12-07, 79.0571, 79.3143, 75.7143, 76.1785,196603459
2012-12-10, 75, 76.93, 74.5114, 75.6887,157477787
2012-12-11, 77.11, 78.5085, 76.7671, 77.3411,147820794
2012-12-12, 78.2528, 78.2857, 76.61, 77,121630216
2012-12-13, 75.8785, 76.8057, 75.1143, 75.67,155971877
2012-12-14, 73.5357, 74.0188, 72.2257, 72.8277,252115436
2012-12-17, 72.7043, 74.2857, 71.6043, 74.1185,189181917
2012-12-18, 75, 76.4143, 74.3214, 76.2714,156143657
2012-12-19, 75.9243, 76.2428, 75.0714, 75.1871,112061074
2012-12-20, 75.7143, 75.7428, 74.1257, 74.5329,120153986
2012-12-21, 73.21, 74.2385, 72.8914, 74.19,148609695
2012-12-24, 74.3357, 74.8928, 74.1014, 74.3097,43936990
2012-12-26, 74.1428, 74.2085, 73.0171, 73.2856,75475003
2012-12-27, 73.3628, 73.75, 72.0943, 73.58,113575314
2012-12-28, 72.8985, 73.4971, 72.5885, 72.7984,88117426
2012-12-31, 72.9328, 76.4857, 72.7143, 76.0247,164519649
2013-01-02, 79.1171, 79.2857, 77.3757, 78.4328,139906732
2013-01-03, 78.2685, 78.5243, 77.2857, 77.4422,88054216
2013-01-04, 76.7093, 76.9471, 75.1183, 75.2857,148374285
2013-01-07, 74.5714, 75.6143, 73.6, 74.8428,120838376
2013-01-08, 75.6014, 75.9843, 74.4643, 75.0443,114451364
2013-01-09, 74.6428, 75.0007, 73.7128, 73.8714,101748741
2013-01-10, 75.5071, 75.5314, 73.6457, 74.7871,149986665
2013-01-11, 74.4285, 75.0457, 74.1457, 74.3285,87569116
2013-01-14, 71.8114, 72.5, 71.2157, 71.6785,183021145
2013-01-15, 71.1857, 71.2843, 69.0543, 69.4171,217802615
2013-01-16, 70.6628, 72.7771, 70.3571, 72.2985,172393952
2013-01-17, 72.9014, 72.9643, 71.7185, 71.8114,112900444
2013-01-18, 71.2166, 71.7457, 70.9143, 71.4285,116987465
2013-01-22, 72.08, 72.5543, 70.9471, 72.11,114745924
2013-01-23, 72.6871, 73.57, 72.11, 73.4293,191090117
2013-01-24, 65.7143, 66.5328, 64.3214, 64.3571,364459099
2013-01-25, 64.5271, 65.1757, 62.1428, 62.84,301617420
2013-01-28, 62.5464, 64.7443, 62.2657, 64.2614,195771859
2013-01-29, 65.5, 65.7428, 64.5886, 65.4671,142486933
2013-01-30, 65.2857, 66.0857, 64.9286, 65.2614,104140851
2013-01-31, 65.2828, 65.6114, 64.9971, 65.07,79445474
2013-02-01, 65.5871, 65.64, 64.05, 64.8028,134704470
2013-02-04, 64.8443, 65.1343, 63.1428, 63.188,119044766
2013-02-05, 63.4357, 65.6771, 63.1743, 65.4063,142959083
2013-02-06, 65.21, 66.6428, 64.6543, 65.3357,148003914
2013-02-07, 66.1786, 67.1428, 64.8743, 66.8886,175627813
2013-02-08, 67.7143, 68.4014, 66.8928, 67.8543,158143417
2013-02-11, 68.0714, 69.2771, 67.6071, 68.5614,128206578
2013-02-12, 68.5014, 68.9114, 66.8206, 66.8428,151743386
2013-02-13, 66.7443, 67.6628, 66.1743, 66.7157,118682866
2013-02-14, 66.36, 67.3771, 66.2886, 66.6557,88785717
2013-02-15, 66.9786, 67.1657, 65.7028, 65.7371,97873819
2013-02-19, 65.8714, 66.1043, 64.8357, 65.7128,108820003
2013-02-20, 65.3843, 65.3843, 64.1143, 64.1214,118823076
2013-02-21, 63.7143, 64.1671, 63.26, 63.7228,111563653
2013-02-22, 64.1786, 64.5143, 63.8, 64.4014,82560265
2013-02-25, 64.8357, 65.0171, 63.2243, 63.2571,92813518
2013-02-26, 63.4028, 64.5057, 62.5228, 64.1386,125040618
2013-02-27, 64.0614, 64.6343, 62.95, 63.51,146554914
2013-02-28, 63.4357, 63.9814, 63.0571, 63.0571,80512484
2013-03-01, 62.5714, 62.5971, 61.4257, 61.4957,137819681
2013-03-04, 61.1143, 61.1714, 59.8571, 60.0071,144332343
2013-03-05, 60.2114, 62.17, 60.1071, 61.592,159227158
2013-03-06, 62.0728, 62.1786, 60.6328, 60.8088,114860374
2013-03-07, 60.6428, 61.7157, 60.1514, 61.5117,116969895
2013-03-08, 61.4, 62.2043, 61.23, 61.6743,97466769
2013-03-11, 61.3928, 62.7157, 60.7343, 62.5528,118221425
2013-03-12, 62.2286, 62.6971, 61.0814, 61.2043,116142145
2013-03-13, 61.2071, 62.0714, 60.7657, 61.1928,101314460
2013-03-14, 61.8328, 62.0914, 61.4928, 61.7857,75801483
2013-03-15, 62.5614, 63.4614, 62.4643, 63.38,160587468
2013-03-18, 63.0643, 65.3514, 63.0286, 65.1028,149961185
2013-03-19, 65.6428, 65.8528, 64.0714, 64.9271,131468929
2013-03-20, 65.3457, 65.3757, 64.2271, 64.5828,76980353
2013-03-21, 64.3171, 65.4257, 64.3, 64.6757,95484439
2013-03-22, 64.94, 66.0143, 64.73, 65.9871,98261129
2013-03-25, 66.3843, 67.1357, 65.9686, 66.2257,124980207
2013-03-26, 66.4914, 66.5485, 65.79, 65.8766,73390892
2013-03-27, 65.2086, 65.2571, 64.39, 64.5828,81772975
2013-03-28, 64.26, 64.5456, 63.0886, 63.2371,110618443
2013-04-01, 63.1286, 63.3854, 61.1057, 61.2728,97168149
2013-04-02, 61.0857, 62.5914, 60.9143, 61.3988,132255450
2013-04-03, 61.6243, 62.4686, 61.4728, 61.7128,90550837
2013-04-04, 61.9657, 62.1428, 60.75, 61.1028,89574827
2013-04-05, 60.6428, 60.7071, 59.9543, 60.4571,95724469
2013-04-08, 60.6928, 61.0714, 60.3557, 60.8871,75145863
2013-04-09, 60.9086, 61.2143, 60.3928, 60.9971,76595913
2013-04-10, 61.1571, 62.4371, 60.8586, 62.2414,93883258
2013-04-11, 61.96, 62.57, 61.6, 62.0471,82064315
2013-04-12, 62.0214, 62.0214, 61.2986, 61.4,59634201
2013-04-15, 61, 61.1271, 59.9357, 59.9786,79101214
2013-04-16, 60.2243, 60.9443, 60.0814, 60.8914,76203143
2013-04-17, 60.0386, 60.0857, 56.8728, 57.5428,236094111
2013-04-18, 57.8557, 57.97, 55.6774, 56.0071,166414970
2013-04-19, 55.4243, 57.0857, 55.0143, 55.79,152132166
2013-04-22, 56.0914, 57.4571, 55.8964, 56.9528,107226032
2013-04-23, 57.7128, 58.3401, 56.9728, 58.0186,150492275
2013-04-24, 56.22, 59.3214, 56.0714, 57.9231,242352533
2013-04-25, 58.7464, 59.1343, 58.1428, 58.34,95958899
2013-04-26, 58.5443, 59.8241, 58.3214, 59.6007,190977767
2013-04-29, 60.0643, 61.9453, 60, 61.4457,159929048
2013-04-30, 62.1571, 63.6071, 61.7243, 63.2543,172699362
2013-05-01, 63.4943, 63.5614, 62.0557, 62.7557,126694438
2013-05-02, 63.1114, 64.0843, 62.9471, 63.6457,105409532
2013-05-03, 64.4728, 64.7471, 64.1643, 64.2828,90287637
2013-05-06, 65.1014, 66.0286, 64.9014, 65.8157,123979417
2013-05-07, 66.4243, 66.5357, 64.8143, 65.5226,120467656
2013-05-08, 65.5771, 66.4814, 65.1157, 66.2628,117977895
2013-05-09, 65.6871, 66.1428, 65.0828, 65.2528,99448260
2013-05-10, 65.4243, 65.6728, 64.3543, 64.71,83615305
2013-05-13, 64.5014, 65.4143, 64.5, 64.9628,79216224
2013-05-14, 64.8357, 65.0286, 63.1643, 63.4086,111617413
2013-05-15, 62.7371, 63, 60.3371, 61.2643,185168956
2013-05-16, 60.4628, 62.55, 59.8428, 62.0826,150737695
2013-05-17, 62.7214, 62.87, 61.5728, 61.8943,106966262
2013-05-20, 61.7014, 63.6857, 61.4428, 63.2757,112529584
2013-05-21, 62.5928, 63.64, 62.0286, 62.8086,113917824
2013-05-22, 63.4357, 64.05, 62.6028, 63.0506,110682773
2013-05-23, 62.2786, 63.7371, 62.2557, 63.1628,88239856
2013-05-24, 62.9786, 63.6657, 62.9086, 63.5928,69009031
2013-05-28, 64.2714, 64.4443, 62.9786, 63.0627,96311559
2013-05-29, 62.8571, 63.9286, 62.7714, 63.5643,82553265
2013-05-30, 63.6643, 64.9286, 63.5014, 64.5114,88354937
2013-05-31, 64.6428, 65.3, 64.2143, 64.2478,95688069
2013-06-03, 64.39, 64.6228, 63.2114, 64.3886,92900598
2013-06-04, 64.7457, 64.9186, 63.9128, 64.1871,72575322
2013-06-05, 63.6643, 64.3886, 63.3871, 63.5871,72524432
2013-06-06, 63.6386, 63.8571, 62.0071, 62.6371,104167451
2013-06-07, 62.3571, 63.32, 61.8243, 63.1158,101081990
2013-06-10, 63.5328, 64.1541, 62.4, 62.6986,112489474
2013-06-11, 62.2486, 63.2514, 61.9028, 62.5143,71515731
2013-06-12, 62.7857, 63.0357, 61.6428, 61.7414,66270567
2013-06-13, 61.7857, 62.4486, 61.25, 62.2807,71449021
2013-06-14, 62.2, 62.3271, 61.2143, 61.4357,67955299
2013-06-17, 61.6343, 62.2428, 61.4802, 61.7143,64784564
2013-06-18, 61.6514, 62.1286, 61.4586, 61.6814,48375328
2013-06-19, 61.6286, 61.6657, 60.4286, 60.4286,77690993
2013-06-20, 59.9, 60.8543, 59.31, 59.5483,89321357
2013-06-21, 59.7843, 60, 58.3, 59.0714,120212576
2013-06-24, 58.2, 58.38, 56.8643, 57.5057,120047026
2013-06-25, 57.9571, 58.2557, 56.9757, 57.5186,78533304
2013-06-26, 57.7, 57.8271, 56.5228, 56.8671,91911848
2013-06-27, 57.0357, 57.3414, 56.22, 56.2543,84237745
2013-06-28, 55.9086, 57.1814, 55.5528, 56.6471,144584903
2013-07-01, 57.5271, 58.8957, 57.3171, 58.46,97736269
2013-07-02, 58.5657, 60.2328, 58.4957, 59.7843,117427695
2013-07-03, 60.1228, 60.4257, 59.6357, 60.1143,60232176
2013-07-05, 60.0557, 60.47, 59.3357, 59.6314,68482701
2013-07-08, 60.0157, 60.1428, 58.6643, 59.2928,74476172
2013-07-09, 59.0857, 60.5, 58.6257, 60.3357,88135556
2013-07-10, 59.9428, 60.6857, 59.75, 60.1043,70064141
2013-07-11, 60.4214, 61.1786, 60.1671, 61.0411,81567174
2013-07-12, 61.0928, 61.3986, 60.4871, 60.93,69863934
2013-07-15, 60.7157, 61.6371, 60.6857, 61.0628,60473991
2013-07-16, 60.9314, 61.53, 60.5957, 61.4564,54028599
2013-07-17, 61.3857, 61.7457, 61.1743, 61.4728,49737479
2013-07-18, 61.9114, 62.1243, 61.5157, 61.6797,54658172
2013-07-19, 61.8714, 61.9971, 60.6214, 60.7071,67137272
2013-07-22, 61.3514, 61.3928, 60.7811, 60.9014,51912282
2013-07-23, 60.8571, 60.9943, 59.8157, 59.8557,88619467
2013-07-24, 62.7043, 63.5128, 62.18, 62.93,147906334
2013-07-25, 62.9571, 63.0571, 62.2586, 62.6428,57358143
2013-07-26, 62.1857, 63.0057, 62.0486, 62.9986,50020601
2013-07-29, 62.9714, 64.2843, 62.8857, 63.97,62006404
2013-07-30, 64.28, 65.3071, 64.1757, 64.76,77240193
2013-07-31, 64.9986, 65.3346, 64.2043, 64.6471,80624904
2013-08-01, 65.1076, 65.2571, 64.7514, 65.2394,51386070
2013-08-02, 65.43, 66.1214, 65.2371, 66.0771,68411287
2013-08-05, 66.3843, 67.2386, 66.0214, 67.0643,79577704
2013-08-06, 66.86, 67.4128, 66.0243, 66.4643,83703085
2013-08-07, 66.2571, 66.7143, 65.9671, 66.4257,74622262
2013-08-08, 66.265, 66.3, 65.4214, 65.8586,63939790
2013-08-09, 65.52, 65.78, 64.8071, 64.9214,66643940
2013-08-12, 65.2657, 66.95, 65.2328, 66.7657,90984207
2013-08-13, 67.2771, 70.6657, 66.8643, 69.9386,219450906
2013-08-14, 71.1257, 72.0357, 70.4857, 71.2143,188427037
2013-08-15, 70.9171, 71.7713, 69.869, 71.13,122386917
2013-08-16, 71.45, 71.8485, 71.2657, 71.7614,90314517
2013-08-19, 72.0485, 73.3914, 72, 72.5343,127401718
2013-08-20, 72.8157, 72.9385, 71.5457, 71.5814,89508677
2013-08-21, 71.9414, 72.45, 71.6, 71.7657,83783025
2013-08-22, 72.14, 72.2271, 71.1714, 71.8514,60866474
2013-08-23, 71.8957, 71.9071, 71.3357, 71.5743,55559766
2013-08-26, 71.5357, 72.8857, 71.5, 71.8528,82354395
2013-08-27, 71.1428, 71.7871, 69.4714, 69.7986,105846822
2013-08-28, 69.4286, 70.8286, 69.4286, 70.128,76746763
2013-08-29, 70.2357, 70.9286, 70.1614, 70.2428,59804259
2013-08-30, 70.2857, 70.4214, 69.5, 69.6023,68053649
2013-09-03, 70.4428, 71.5143, 69.6214, 69.7971,82966965
2013-09-04, 71.3657, 71.7485, 70.8971, 71.2416,86016026
2013-09-05, 71.4643, 71.5257, 70.52, 70.7528,58779242
2013-09-06, 71.2057, 71.34, 69.9928, 71.1743,89482147
2013-09-09, 72.1428, 72.56, 71.9257, 72.31,84479315
2013-09-10, 72.3143, 72.4928, 69.9286, 70.6628,185372026
2013-09-11, 66.7157, 67.67, 66.4014, 66.8157,224172687
2013-09-12, 66.9286, 67.9143, 66.5728, 67.5271,100856800
2013-09-13, 67.0486, 67.4042, 66.3857, 66.4143,74495492
2013-09-16, 65.8571, 65.9443, 63.8886, 64.3028,136563951
2013-09-17, 63.9943, 65.6728, 63.9286, 65.0457,99704600
2013-09-18, 66.1686, 66.6214, 65.8086, 66.3828,113636704
2013-09-19, 67.2428, 67.9757, 67.0357, 67.4714,100811930
2013-09-20, 68.2857, 68.3643, 66.5714, 66.7728,174425492
2013-09-23, 70.8714, 70.9871, 68.9428, 70.0914,189942957
2013-09-24, 70.6971, 70.7814, 69.6886, 69.8714,90481397
2013-09-25, 69.8857, 69.9486, 68.7757, 68.79,79011544
2013-09-26, 69.4286, 69.7943, 69.1286, 69.46,59050786
2013-09-27, 69.1114, 69.2386, 68.6743, 68.9643,56787853
2013-09-30, 68.1786, 68.8086, 67.773, 68.1071,64764985
2013-10-01, 68.35, 69.8771, 68.3401, 69.7086,88194286
2013-10-02, 69.3757, 70.2571, 69.1071, 69.9371,71799162
2013-10-03, 70.0728, 70.3357, 68.6769, 69.0586,78802384
2013-10-04, 69.1228, 69.2286, 68.3714, 69.0043,64638089
2013-10-07, 69.5086, 70.3786, 69.3357, 69.6786,77889233
2013-10-08, 69.9914, 70.0914, 68.6486, 68.7057,72260532
2013-10-09, 69.2343, 69.6843, 68.3257, 69.5126,75304273
2013-10-10, 70.1886, 70.34, 69.5771, 69.9483,69186523
2013-10-11, 69.57, 70.5486, 69.3086, 70.4017,66797100
2013-10-14, 69.9757, 71.0828, 69.9071, 70.8628,65216780
2013-10-15, 71.0721, 71.7143, 70.7886, 71.24,79715744
2013-10-16, 71.5414, 71.79, 71.3186, 71.5877,62449609
2013-10-17, 71.4257, 72.1114, 71.3828, 72.0714,63116954
2013-10-18, 72.2843, 72.7514, 72.2443, 72.6985,72195292
2013-10-21, 73.11, 74.9, 73.0743, 74.4803,98700380
2013-10-22, 75.2007, 75.4928, 72.5757, 74.2668,133200030
2013-10-23, 74.1428, 75.0957, 74.1428, 74.9943,78237833
2013-10-24, 75, 76.0671, 74.6357, 75.9871,96004539
2013-10-25, 75.9021, 76.1757, 75.0157, 75.1368,84316215
2013-10-28, 75.5771, 75.8571, 74.7443, 75.6965,124205797
2013-10-29, 76.61, 77.0357, 73.5057, 73.8111,158499648
2013-10-30, 74.23, 75.36, 73.86, 74.9851,88125406
2013-10-31, 75, 75.3557, 74.4671, 74.6717,68774804
2013-11-01, 74.86, 74.9714, 73.6914, 74.29,68524519
2013-11-04, 74.4428, 75.26, 74.1157, 75.25,61011871
2013-11-05, 74.94, 75.555, 74.7143, 75.0641,66243519
2013-11-06, 74.8785, 74.98, 74.0285, 74.4171,55716622
2013-11-07, 74.2257, 74.7414, 73.1971, 73.2131,65542966
2013-11-08, 73.5114, 74.4471, 73.2271, 74.3657,69617240
2013-11-11, 74.2843, 74.5243, 73.4871, 74.1497,56747589
2013-11-12, 73.9528, 74.8457, 73.8571, 74.2871,51067815
2013-11-13, 74, 74.6071, 73.8514, 74.3763,49154022
2013-11-14, 74.6871, 75.6114, 74.5528, 75.4514,70401611
2013-11-15, 75.2257, 75.5843, 74.9271, 74.9987,79339984
2013-11-18, 74.9985, 75.3128, 74.0285, 74.0898,60997871
2013-11-19, 74.1471, 74.7685, 73.9957, 74.2214,52105335
2013-11-20, 74.1757, 74.3457, 73.4757, 73.5714,48459468
2013-11-21, 73.9428, 74.4585, 73.3814, 74.448,65382638
2013-11-22, 74.2171, 74.5943, 74.0757, 74.2571,55833466
2013-11-25, 74.4314, 75.1243, 74.4285, 74.82,57270811
2013-11-26, 74.8743, 76.5914, 74.8571, 76.2,99957720
2013-11-27, 76.6157, 78, 76.2, 77.9943,90644497
2013-11-29, 78.4971, 79.7614, 78.2585, 79.4385,79532274
2013-12-02, 79.7143, 80.6185, 78.6885, 78.7471,117918255
2013-12-03, 79.7571, 80.9114, 79.6685, 80.9031,112338274
2013-12-04, 80.7857, 81.3128, 80.1171, 80.7143,94279248
2013-12-05, 81.8071, 82.1622, 80.9157, 81.1287,111600823
2013-12-06, 80.8271, 80.9643, 79.9385, 80.0028,85919076
2013-12-09, 80.1286, 81.3685, 80.1286, 80.9185,79945274
2013-12-10, 80.5114, 81.1257, 80.1714, 80.7928,69101620
2013-12-11, 81, 81.5671, 79.9557, 80.1943,89783987
2013-12-12, 80.306, 80.7628, 80.0043, 80.0771,65465763
2013-12-13, 80.4071, 80.4114, 79.0957, 79.2043,82974455
2013-12-16, 79.2885, 80.377, 79.2871, 79.6428,70547981
2013-12-17, 79.4014, 79.92, 79.0535, 79.2843,57137328
2013-12-18, 78.5285, 78.7785, 76.9714, 78.6814,141217062
2013-12-19, 78.5, 78.5714, 77.6757, 77.78,79939814
2013-12-20, 77.9185, 78.8014, 77.831, 78.4314,108738663
2013-12-23, 81.1428, 81.5314, 80.3943, 81.4414,125072328
2013-12-24, 81.4128, 81.6971, 80.8614, 81.0957,41888748
2013-12-26, 81.1571, 81.3571, 80.4823, 80.5571,50906710
2013-12-27, 80.5457, 80.63, 79.9285, 80.0128,56385717
2013-12-30, 79.6371, 80.0128, 78.903, 79.2171,63265305
2013-12-31, 79.1671, 80.1828, 79.1428, 80.1457,55761100
2014-01-02, 79.3828, 79.5757, 78.8601, 79.0185,58661530
2014-01-03, 78.98, 79.1, 77.2043, 77.2828,98046999
2014-01-06, 76.7785, 78.1143, 76.2285, 77.7043,103132361
2014-01-07, 77.76, 77.9943, 76.8464, 77.1482,80172914
2014-01-08, 76.9728, 77.9371, 76.9557, 77.6371,64158428
2014-01-09, 78.1143, 78.1228, 76.4786, 76.6455,69762819
2014-01-10, 77.1185, 77.2571, 75.8728, 76.1343,76235553
2014-01-13, 75.7014, 77.5, 75.6971, 76.5328,94612448
2014-01-14, 76.8885, 78.1043, 76.8085, 78.0557,83082535
2014-01-15, 79.0743, 80.0285, 78.8085, 79.6228,97888589
2014-01-16, 79.2714, 79.55, 78.8114, 79.1785,57313035
2014-01-17, 78.7828, 78.8671, 77.1285, 77.2385,106660852
2014-01-21, 77.2843, 78.5814, 77.2028, 78.4385,81897015
2014-01-22, 78.7021, 79.6128, 78.2585, 78.7871,94941728
2014-01-23, 78.5628, 79.5, 77.8295, 79.4543,100803600
2014-01-24, 79.1428, 79.3743, 77.8214, 78.01,107943182
2014-01-27, 78.5814, 79.2571, 77.9643, 78.6428,135926881
2014-01-28, 72.68, 73.5714, 71.7243, 72.3571,266302550
2014-01-29, 71.9928, 72.4814, 71.2314, 71.5357,125679438
2014-01-30, 71.7914, 72.3571, 70.9571, 71.3974,169602001
2014-01-31, 70.74, 71.6471, 70.5071, 71.5143,116191705
2014-02-03, 71.8014, 72.5328, 71.3286, 71.6471,100347900
2014-02-04, 72.2643, 72.78, 71.8228, 72.6843,94166758
2014-02-05, 72.3657, 73.6114, 72.3217, 73.2271,82072855
2014-02-06, 72.8657, 73.3571, 72.5443, 73.2157,64415139
2014-02-07, 74.4828, 74.7042, 73.9114, 74.24,93444918
2014-02-10, 74.0943, 75.9985, 74, 75.57,86342646
2014-02-11, 75.8014, 76.8214, 75.6428, 76.5657,70489461
2014-02-12, 76.7071, 77.08, 76.1771, 76.56,76994423
2014-02-13, 76.38, 77.8357, 76.3143, 77.7757,76790093
2014-02-14, 77.4957, 77.9971, 77.3157, 77.7128,68395257
2014-02-18, 78, 78.7414, 77.9443, 77.9985,65048101
2014-02-19, 77.8214, 78.1271, 76.3357, 76.7671,78415914
2014-02-20, 76.1414, 76.7143, 75.5714, 75.8785,76457383
2014-02-21, 76.1133, 76.3671, 74.9428, 75.0357,69688045
2014-02-24, 74.7357, 75.7028, 74.6314, 75.3643,72208942
2014-02-25, 75.6257, 75.6521, 74.4285, 74.58,57961606
2014-02-26, 74.8014, 75, 73.6571, 73.9071,69024270
2014-02-27, 73.8771, 75.54, 73.7214, 75.3814,75444623
2014-02-28, 75.5828, 76.1071, 74.5885, 75.1771,92930208
2014-03-03, 74.7743, 75.8071, 74.6871, 75.3943,59671581
2014-03-04, 75.8571, 76.0914, 75.3957, 75.8914,64772440
2014-03-05, 75.8457, 76.3928, 75.59, 76.0514,50000910
2014-03-06, 76.1128, 76.3485, 75.4428, 75.8214,46363282
2014-03-07, 75.87, 75.9971, 75.15, 75.7771,55164427
2014-03-10, 75.48, 76.19, 75.477, 75.8457,44638950
2014-03-11, 76.4928, 76.9628, 76.0843, 76.5843,69791288
2014-03-12, 76.3585, 76.7643, 76, 76.6585,49819071
2014-03-13, 76.7771, 77.0943, 75.5943, 75.8071,64314038
2014-03-14, 75.5414, 75.8414, 74.7143, 74.9557,59166181
2014-03-17, 75.3857, 75.71, 75.1214, 75.2485,49725201
2014-03-18, 75.1285, 75.9957, 75.0286, 75.9143,52279152
2014-03-19, 76.0371, 76.6057, 75.5714, 75.8943,56077605
2014-03-20, 75.6985, 76.0957, 75.3357, 75.5285,52017415
2014-03-21, 75.99, 76.25, 75.19, 76.1243,93431688
2014-03-24, 76.9171, 77.2143, 76.4371, 77.0271,88674487
2014-03-25, 77.3571, 77.9643, 77.0843, 77.8557,70284361
2014-03-26, 78.0743, 78.4285, 76.98, 77.1114,74394902
2014-03-27, 77.145, 77.3571, 76.4457, 76.78,55330425
2014-03-28, 76.9028, 76.9914, 76.3214, 76.6943,49703046
2014-03-31, 77.0328, 77.2585, 76.5614, 76.6771,41787976
2014-04-01, 76.8228, 77.41, 76.6814, 77.3785,50069657
2014-04-02, 77.4828, 77.64, 77.18, 77.5071,44803807
2014-04-03, 77.3414, 77.5, 76.8057, 76.97,40472773
2014-04-04, 77.1157, 77.1428, 75.7971, 75.9743,68615246
2014-04-07, 75.4314, 75.8428, 74.5557, 74.7814,72146992
2014-04-08, 75.0271, 75.16, 74.1, 74.7771,60880929
2014-04-09, 74.6628, 75.7843, 74.5743, 75.76,51357706
2014-04-10, 75.8114, 76.0343, 74.7385, 74.7828,59701814
2014-04-11, 74.1428, 74.69, 73.8771, 74.23,67920698
2014-04-14, 74.5571, 74.5943, 73.8871, 74.5257,51252748
2014-04-15, 74.3243, 74.52, 73.0471, 73.9942,66461884
2014-04-16, 74.0071, 74.4414, 73.4479, 74.1443,52515794
2014-04-17, 74.2857, 75.3943, 74.1714, 74.9914,70978621
2014-04-21, 75.0485, 76.02, 74.8514, 75.8814,45546494
2014-04-22, 75.4728, 75.9751, 75.2144, 75.957,50607747
2014-04-23, 75.58, 75.8757, 74.9214, 74.9643,93473618
2014-04-24, 81.1728, 81.4285, 80.1043, 81.11,189588407
2014-04-25, 80.6471, 81.7128, 80.5657, 81.7057,97435199
2014-04-28, 81.8285, 85.1071, 81.7928, 84.87,167001640
2014-04-29, 84.82, 85.14, 84.2157, 84.6185,84049445
2014-04-30, 84.6628, 85.6328, 84.2571, 84.2985,114029614
2014-05-01, 84.5714, 84.9714, 83.7657, 84.4971,60958860
2014-05-02, 84.62, 84.8857, 84.2443, 84.6543,47673150
2014-05-05, 84.3057, 85.8571, 84.2857, 85.8514,71523851
2014-05-06, 85.9714, 86.3442, 84.9157, 84.9157,93468228
2014-05-07, 85.0357, 85.3271, 83.9614, 84.6185,70532231
2014-05-08, 84.0357, 84.9157, 83.7714, 83.9985,57243511
2014-05-09, 83.5057, 83.75, 82.9043, 83.6489,72767192
2014-05-12, 83.9271, 84.8085, 83.9143, 84.69,53184042
2014-05-13, 84.5714, 84.9343, 84.3857, 84.8228,39854512
2014-05-14, 84.6328, 85.3428, 84.5343, 84.8385,41505203
2014-05-15, 84.9571, 85.2285, 84.0057, 84.1171,57427744
2014-05-16, 84.09, 85.3614, 83.6285, 85.3585,68960136
2014-05-19, 85.4071, 86.7614, 85.3328, 86.37,78819884
2014-05-20, 86.3585, 86.6285, 85.8185, 86.3871,58232373
2014-05-21, 86.2614, 86.6714, 86.0085, 86.6157,49184983
2014-05-22, 86.6571, 87.1214, 86.3, 86.7528,50142667
2014-05-23, 86.75, 87.8184, 86.6385, 87.7328,57918367
2014-05-27, 87.9828, 89.4085, 87.9471, 89.3757,86840486
2014-05-28, 89.4314, 89.9757, 89.1114, 89.1443,78793704
2014-05-29, 89.6928, 90.9814, 89.6814, 90.7685,93737728
2014-05-30, 91.14, 92.0243, 89.8428, 90.4285,140860202
2014-06-02, 90.5657, 90.69, 88.9285, 89.8071,92179668
2014-06-03, 89.78, 91.2485, 89.75, 91.0771,73043412
2014-06-04, 91.0628, 92.5557, 90.8728, 92.1171,83735285
2014-06-05, 92.3143, 92.7671, 91.8014, 92.4785,75796583
2014-06-06, 92.8428, 93.0371, 92.0671, 92.2243,87403076
2014-06-09, 92.7, 93.88, 91.75, 93.7,75295450
2014-06-10, 94.73, 95.05, 93.57, 94.25,62563070
2014-06-11, 94.13, 94.76, 93.47, 93.86,45528740
2014-06-12, 94.04, 94.12, 91.9, 92.29,54628650
2014-06-13, 92.2, 92.44, 90.88, 91.28,54406640
2014-06-16, 91.51, 92.75, 91.45, 92.2,35371460
2014-06-17, 92.31, 92.7, 91.8, 92.08,29684620
2014-06-18, 92.27, 92.29, 91.35, 92.18,33314720
2014-06-19, 92.29, 92.3, 91.3389, 91.86,35476080
2014-06-20, 91.85, 92.55, 90.9, 90.91,100478600
2014-06-23, 91.32, 91.62, 90.6, 90.83,43611710
2014-06-24, 90.75, 91.74, 90.19, 90.28,38977670
2014-06-25, 90.21, 90.7, 89.65, 90.36,36835900
2014-06-26, 90.37, 91.05, 89.8, 90.9,32528680
2014-06-27, 90.82, 92, 90.77, 91.98,61758200
2014-06-30, 92.1, 93.725, 92.09, 92.93,49474230
2014-07-01, 93.52, 94.07, 93.13, 93.52,38156280
2014-07-02, 93.865, 94.06, 93.09, 93.48,28414310
2014-07-03, 93.67, 94.1, 93.2, 94.03,22891750
2014-07-07, 94.14, 95.99, 94.1, 95.968,54809030
2014-07-08, 96.27, 96.8, 93.92, 95.35,65111960
2014-07-09, 95.44, 95.95, 94.76, 95.39,36267350
2014-07-10, 93.76, 95.55, 93.52, 95.035,39633800
2014-07-11, 95.36, 95.89, 94.8625, 95.22,33960300
2014-07-14, 95.86, 96.89, 95.65, 96.45,42643760
2014-07-15, 96.8, 96.85, 95.03, 95.32,45187420
2014-07-16, 96.97, 97.1, 94.74, 94.78,53323940
2014-07-17, 95.03, 95.279, 92.57, 93.0899,57111160
2014-07-18, 93.62, 94.74, 93.02, 94.43,49838110
2014-07-21, 94.99, 95, 93.72, 93.939,38792960
2014-07-22, 94.68, 94.89, 94.12, 94.72,54297530
2014-07-23, 95.42, 97.88, 95.17, 97.19,90937230
2014-07-24, 97.035, 97.32, 96.42, 97.03,45609040
2014-07-25, 96.85, 97.84, 96.64, 97.671,43384590
2014-07-28, 97.82, 99.24, 97.55, 99.02,54926940
2014-07-29, 99.33, 99.44, 98.25, 98.38,42957960
2014-07-30, 98.44, 98.7, 97.67, 98.15,32978480
2014-07-31, 97.16, 97.45, 95.33, 95.6,56625420
2014-08-01, 94.9, 96.62, 94.81, 96.13,48379730
2014-08-04, 96.37, 96.58, 95.17, 95.59,39860740
2014-08-05, 95.36, 95.68, 94.36, 95.12,55861030
2014-08-06, 94.75, 95.48, 94.71, 94.96,38463700
2014-08-07, 94.93, 95.95, 94.1, 94.48,46553350
2014-08-08, 94.26, 94.82, 93.28, 94.74,41783300
2014-08-11, 95.27, 96.08, 94.8355, 95.99,36459430
2014-08-12, 96.04, 96.88, 95.61, 95.97,33485870
2014-08-13, 96.15, 97.24, 96.04, 97.24,31866630
2014-08-14, 97.33, 97.57, 96.8, 97.5,28056530
2014-08-15, 97.9, 98.19, 96.86, 97.98,48938120
2014-08-18, 98.49, 99.37, 97.98, 99.16,47285630
2014-08-19, 99.41, 100.68, 99.32, 100.53,69189840
2014-08-20, 100.44, 101.09, 99.95, 100.57,52565000
2014-08-21, 100.57, 100.94, 100.11, 100.58,33377530
2014-08-22, 100.29, 101.47, 100.19, 101.32,44028280
2014-08-25, 101.79, 102.17, 101.28, 101.54,40087220
2014-08-26, 101.42, 101.5, 100.86, 100.889,33079170
2014-08-27, 101.02, 102.57, 100.7, 102.13,46807000
2014-08-28, 101.59, 102.78, 101.56, 102.25,68368740
2014-08-29, 102.86, 102.9, 102.2, 102.5,44516120
2014-09-02, 103.06, 103.74, 102.72, 103.3,53227770
2014-09-03, 103.1, 103.2, 98.58, 98.94,125000400
2014-09-04, 98.85, 100.09, 97.79, 98.12,85537710
2014-09-05, 98.8, 99.39, 98.31, 98.97,58280030
2014-09-08, 99.3, 99.31, 98.05, 98.36,46176570
2014-09-09, 99.08, 103.08, 96.14, 97.99,189419500
2014-09-10, 98.01, 101.11, 97.76, 101,100352500
2014-09-11, 100.41, 101.44, 99.62, 101.43,62077230
2014-09-12, 101.21, 102.19, 101.08, 101.66,62826040
2014-09-15, 102.81, 103.05, 101.44, 101.63,61169670
2014-09-16, 99.8, 101.26, 98.89, 100.86,66754370
2014-09-17, 101.27, 101.8, 100.5922, 101.58,60783090
2014-09-18, 101.93, 102.35, 101.56, 101.79,36971170
2014-09-19, 102.29, 102.35, 100.88, 100.96,70747430
2014-09-22, 101.8, 102.14, 100.58, 101.06,52421660
2014-09-23, 100.6, 102.94, 100.54, 102.64,63255860
2014-09-24, 102.16, 102.85, 101.2, 101.75,59974260
2014-09-25, 100.51, 100.71, 97.72, 97.87,99689300
2014-09-26, 98.53, 100.75, 98.4, 100.75,62276770
2014-09-29, 98.65, 100.435, 98.63, 100.11,49263260
2014-09-30, 100.81, 101.54, 100.53, 100.75,55119980
2014-10-01, 100.59, 100.69, 98.7, 99.18,51400260
2014-10-02, 99.27, 100.22, 98.04, 99.9,47697150
2014-10-03, 99.44, 100.21, 99.04, 99.62,43419580
2014-10-06, 99.95, 100.65, 99.42, 99.62,36780620
2014-10-07, 99.43, 100.12, 98.73, 98.75,42003200
2014-10-08, 98.76, 101.11, 98.31, 100.8,57329820
2014-10-09, 101.54, 102.38, 100.61, 101.02,77283330
2014-10-10, 100.69, 102.03, 100.3, 100.73,66249770
2014-10-13, 101.33, 101.78, 99.81, 99.81,53437060
2014-10-14, 100.39, 100.52, 98.57, 98.75,63287170
2014-10-15, 97.97, 99.15, 95.18, 97.54,99942790
2014-10-16, 95.55, 97.72, 95.41, 96.26,72017830
2014-10-17, 97.5, 99, 96.81, 97.67,67723910
2014-10-20, 98.315, 99.96, 98.22, 99.76,75705040
2014-10-21, 103.02, 103.02, 101.27, 102.47,93786680
2014-10-22, 102.84, 104.11, 102.6, 102.99,68140010
2014-10-23, 104.08, 105.051, 103.63, 104.83,70760150
2014-10-24, 105.18, 105.49, 104.53, 105.22,46937880
2014-10-27, 104.85, 105.48, 104.7, 105.11,34086120
2014-10-28, 105.4, 106.74, 105.35, 106.74,47689070
2014-10-29, 106.65, 107.37, 106.36, 107.34,52545580
2014-10-30, 106.959, 107.35, 105.9, 106.98,40572000
2014-10-31, 108.01, 108.04, 107.21, 108,44550790
2014-11-03, 108.22, 110.3, 108.01, 109.4,52154490
2014-11-04, 109.36, 109.49, 107.72, 108.6,41423660
2014-11-05, 109.1, 109.3, 108.125, 108.86,37365530
2014-11-06, 108.6, 108.79, 107.8, 108.7,34733740
2014-11-07, 108.75, 109.32, 108.55, 109.01,33655280
2014-11-10, 109.02, 109.33, 108.67, 108.83,27066060
2014-11-11, 108.7, 109.75, 108.4, 109.7,27330410
2014-11-12, 109.38, 111.43, 109.37, 111.25,46372630
2014-11-13, 111.8, 113.45, 111.6, 112.82,59418180
2014-11-14, 113.15, 114.19, 113.05, 114.18,43789060
2014-11-17, 114.27, 117.28, 113.3, 113.99,46687710
2014-11-18, 113.94, 115.69, 113.89, 115.47,44163250
2014-11-19, 115.44, 115.74, 113.8, 114.67,41815550
2014-11-20, 114.91, 116.86, 114.85, 116.31,43148650
2014-11-21, 117.51, 117.57, 116.03, 116.47,56759320
2014-11-24, 116.85, 118.77, 116.62, 118.625,46867340
2014-11-25, 119.07, 119.75, 117.45, 117.6,68719930
2014-11-26, 117.94, 119.1, 117.83, 119,40756950
2014-11-28, 119.27, 119.4, 118.05, 118.93,24814400
2014-12-01, 118.81, 119.25, 111.27, 115.07,83657780
2014-12-02, 113.5, 115.75, 112.75, 114.63,59205320
2014-12-03, 115.75, 116.35, 115.11, 115.93,42956200
2014-12-04, 115.77, 117.2, 115.29, 115.49,42068020
2014-12-05, 115.99, 116.08, 114.64, 115,38230970
2014-12-08, 114.1, 114.648, 111.62, 112.4,57445030
2014-12-09, 110.19, 114.3, 109.35, 114.12,60112240
2014-12-10, 114.41, 114.85, 111.54, 111.95,44475360
2014-12-11, 112.26, 113.8, 111.34, 111.62,41404690
2014-12-12, 110.46, 111.87, 109.58, 109.73,55873820
2014-12-15, 110.7, 111.6, 106.35, 108.225,67083260
2014-12-16, 106.37, 110.16, 106.26, 106.745,60651790
2014-12-17, 107.12, 109.84, 106.82, 109.41,53265930
2014-12-18, 111.87, 112.65, 110.66, 112.65,58785590
2014-12-19, 112.26, 113.24, 111.66, 111.78,86595830
2014-12-22, 112.16, 113.49, 111.97, 112.94,45097060
2014-12-23, 113.23, 113.33, 112.46, 112.54,25991030
2014-12-24, 112.58, 112.71, 112.01, 112.01,14479610
2014-12-26, 112.1, 114.52, 112.01, 113.99,33681200
2014-12-29, 113.79, 114.77, 113.7, 113.91,27533430
2014-12-30, 113.64, 113.92, 112.11, 112.52,29798660
2014-12-31, 112.82, 113.13, 110.21, 110.38,41304780
2015-01-02, 111.39, 111.44, 107.35, 109.33,53143770
2015-01-05, 108.29, 108.65, 105.41, 106.25,64210880
2015-01-06, 106.54, 107.43, 104.63, 106.26,65682250
2015-01-07, 107.2, 108.2, 106.695, 107.75,39983350
2015-01-08, 109.23, 112.15, 108.7, 111.89,59168760
2015-01-09, 112.67, 113.25, 110.21, 112.01,53645730
2015-01-12, 112.6, 112.63, 108.8, 109.25,49571170
2015-01-13, 111.43, 112.8, 108.91, 110.22,66969980
2015-01-14, 109.04, 110.49, 108.5, 109.8,48728190
2015-01-15, 110, 110.06, 106.66, 106.82,59808470
2015-01-16, 107.03, 107.58, 105.2, 105.99,78453330
2015-01-20, 107.84, 108.9667, 106.5, 108.72,49742320
2015-01-21, 108.95, 111.06, 108.27, 109.55,48482860
2015-01-22, 110.26, 112.47, 109.72, 112.4,53717440
2015-01-23, 112.3, 113.75, 111.53, 112.98,46420020
2015-01-26, 113.74, 114.3626, 112.8, 113.1,55457420
2015-01-27, 112.42, 112.48, 109.03, 109.14,92326640
2015-01-28, 117.625, 118.12, 115.31, 115.31,146184300
2015-01-29, 116.32, 119.19, 115.56, 118.9,84132130
2015-01-30, 118.4, 120, 116.85, 117.16,83646800
2015-02-02, 118.05, 119.17, 116.08, 118.63,62542440
2015-02-03, 118.5, 119.09, 117.61, 118.65,51842080
2015-02-04, 118.5, 120.51, 118.309, 119.56,69975180
2015-02-05, 120.02, 120.23, 119.25, 119.94,42197110
2015-02-06, 120.02, 120.25, 118.45, 118.93,43633660
2015-02-09, 118.55, 119.84, 118.43, 119.72,37900780
2015-02-10, 120.17, 122.15, 120.16, 122.02,61845390
2015-02-11, 122.77, 124.92, 122.5, 124.88,73278020
2015-02-12, 126.06, 127.48, 125.57, 126.46,74374630
2015-02-13, 127.28, 127.28, 125.65, 127.08,53955650
2015-02-17, 127.49, 128.88, 126.92, 127.83,63014110
2015-02-18, 127.625, 128.78, 127.45, 128.715,44695980
2015-02-19, 128.48, 129.03, 128.33, 128.45,37295460
2015-02-20, 128.62, 129.5, 128.05, 129.495,48878410
2015-02-23, 130.02, 133, 129.66, 133,73089250
2015-02-24, 132.94, 133.6, 131.17, 132.17,69109410
2015-02-25, 131.56, 131.6, 128.15, 128.79,74555120
2015-02-26, 128.785, 130.87, 126.61, 130.415,91171830
2015-02-27, 130, 130.57, 128.24, 128.46,61931350
2015-03-02, 129.25, 130.28, 128.3, 129.09,48042680
2015-03-03, 128.96, 129.52, 128.09, 129.36,37749900
2015-03-04, 129.1, 129.56, 128.32, 128.54,31588480
2015-03-05, 128.58, 128.75, 125.76, 126.41,56391280
2015-03-06, 128.4, 129.37, 126.26, 126.6,72699680
2015-03-09, 127.96, 129.57, 125.06, 127.14,88410240
2015-03-10, 126.41, 127.22, 123.8, 124.51,68720360
2015-03-11, 124.75, 124.77, 122.11, 122.24,68812690
2015-03-12, 122.31, 124.9, 121.63, 124.45,48233270
2015-03-13, 124.4, 125.3951, 122.58, 123.59,51744670
2015-03-16, 123.88, 124.95, 122.87, 124.95,35816300
2015-03-17, 125.9, 127.32, 125.65, 127.04,50891230
2015-03-18, 127, 129.16, 126.37, 128.47,65118170
2015-03-19, 128.75, 129.2451, 127.4, 127.495,45674520
2015-03-20, 128.25, 128.4, 125.16, 125.9,68516180
2015-03-23, 127.12, 127.85, 126.52, 127.21,37597600
2015-03-24, 127.23, 128.04, 126.56, 126.69,32747200
2015-03-25, 126.54, 126.82, 123.38, 123.38,51505600
2015-03-26, 122.76, 124.88, 122.6, 124.24,47409610
2015-03-27, 124.57, 124.7, 122.91, 123.25,39471720
2015-03-30, 124.05, 126.4, 124, 126.37,46974980
2015-03-31, 126.09, 126.49, 124.355, 124.43,42019420
2015-04-01, 124.82, 125.12, 123.1, 124.25,40463140
2015-04-02, 125.03, 125.56, 124.19, 125.32,32171410
2015-04-06, 124.47, 127.51, 124.33, 127.35,36917490
2015-04-07, 127.64, 128.1218, 125.98, 126.01,34894810
2015-04-08, 125.85, 126.4, 124.97, 125.6,37272090
2015-04-09, 125.85, 126.58, 124.66, 126.56,32244360
2015-04-10, 125.95, 127.21, 125.26, 127.1,40125760
2015-04-13, 128.37, 128.57, 126.61, 126.85,36248620
2015-04-14, 127, 127.29, 125.91, 126.3,25418280
2015-04-15, 126.41, 127.13, 126.01, 126.78,28922420
2015-04-16, 126.28, 127.1, 126.11, 126.17,28020240
2015-04-17, 125.55, 126.14, 124.46, 124.75,51481310
2015-04-20, 125.57, 128.12, 125.17, 127.6,46975110
2015-04-21, 128.1, 128.2, 126.67, 126.91,32341380
2015-04-22, 126.99, 128.87, 126.32, 128.62,37575420
2015-04-23, 128.3, 130.42, 128.14, 129.67,45596690
2015-04-24, 130.49, 130.63, 129.23, 130.28,44209710
2015-04-27, 132.31, 133.13, 131.15, 132.65,95084260
2015-04-28, 134.455, 134.54, 129.57, 130.56,118693700
2015-04-29, 130.16, 131.59, 128.3, 128.64,63063240
2015-04-30, 127.5, 127.88, 124.58, 125.15,82924980
2015-05-01, 126.1, 130.13, 125.3, 128.95,57349000
2015-05-04, 129.5, 130.57, 128.26, 128.7,50905020
2015-05-05, 128.15, 128.4498, 125.78, 125.8,49127770
2015-05-06, 126.56, 126.75, 123.36, 125.01,72037370
2015-05-07, 124.77, 126.08, 124.02, 125.26,42653920
2015-05-08, 126.68, 127.62, 126.11, 127.62,55473820
2015-05-11, 127.39, 127.56, 125.625, 126.32,41920740
2015-05-12, 125.6, 126.88, 124.82, 125.865,48073450
2015-05-13, 126.15, 127.19, 125.87, 126.01,34611600
2015-05-14, 127.41, 128.95, 127.16, 128.95,45123920
2015-05-15, 129.07, 129.49, 128.21, 128.77,38128470
2015-05-18, 128.38, 130.72, 128.36, 130.19,50723240
2015-05-19, 130.69, 130.88, 129.64, 130.07,44395440
2015-05-20, 130, 130.98, 129.34, 130.06,36261170
2015-05-21, 130.07, 131.63, 129.83, 131.39,39589780
2015-05-22, 131.6, 132.97, 131.4, 132.54,45469340
2015-05-26, 132.6, 132.91, 129.12, 129.62,70544670
2015-05-27, 130.34, 132.26, 130.05, 132.045,45771120
2015-05-28, 131.86, 131.95, 131.1, 131.78,30678840
2015-05-29, 131.23, 131.45, 129.9, 130.28,50474170
2015-06-01, 131.2, 131.39, 130.05, 130.535,32016020
2015-06-02, 129.86, 130.655, 129.32, 129.96,33595980
2015-06-03, 130.66, 130.94, 129.9, 130.12,30939810
2015-06-04, 129.58, 130.58, 128.91, 129.36,38335980
2015-06-05, 129.5, 129.69, 128.36, 128.65,35577760
2015-06-08, 128.9, 129.21, 126.83, 127.8,52609900
2015-06-09, 126.7, 128.08, 125.62, 127.42,56002840
2015-06-10, 127.92, 129.34, 127.85, 128.88,39029190
2015-06-11, 129.18, 130.18, 128.475, 128.59,35344520
2015-06-12, 128.185, 128.33, 127.11, 127.17,36826260
2015-06-15, 126.1, 127.24, 125.71, 126.92,43896960
2015-06-16, 127.03, 127.85, 126.37, 127.6,31443650
2015-06-17, 127.72, 127.88, 126.74, 127.3,32858900
2015-06-18, 127.23, 128.31, 127.22, 127.88,35363990
2015-06-19, 127.71, 127.82, 126.4, 126.6,54361530
2015-06-22, 127.49, 128.06, 127.08, 127.61,33976180
2015-06-23, 127.48, 127.61, 126.8792, 127.03,30192140
2015-06-24, 127.21, 129.8, 127.12, 128.11,55077520
2015-06-25, 128.86, 129.2, 127.5, 127.5,31872390
2015-06-26, 127.67, 127.99, 126.51, 126.75,43986290
2015-06-29, 125.46, 126.47, 124.48, 124.53,49043410
2015-06-30, 125.57, 126.12, 124.86, 125.425,44326050
2015-07-01, 126.9, 126.94, 125.99, 126.6,30206890
2015-07-02, 126.43, 126.69, 125.77, 126.44,27171180
2015-07-06, 124.94, 126.23, 124.85, 126,27972950
2015-07-07, 125.89, 126.15, 123.77, 125.69,46737090
2015-07-08, 124.48, 124.64, 122.54, 122.57,60609830
2015-07-09, 123.85, 124.06, 119.22, 120.07,78291510
2015-07-10, 121.94, 123.85, 121.21, 123.28,61292800
2015-07-13, 125.03, 125.755, 124.32, 125.66,41365600
2015-07-14, 126.04, 126.37, 125.04, 125.61,31695870
2015-07-15, 125.72, 127.15, 125.58, 126.82,33559770
2015-07-16, 127.74, 128.57, 127.35, 128.51,35987630
2015-07-17, 129.08, 129.62, 128.31, 129.62,45970470
2015-07-20, 130.97, 132.97, 130.7, 132.07,55204920
2015-07-21, 132.85, 132.92, 130.32, 130.75,73006780
2015-07-22, 121.99, 125.5, 121.99, 125.22,115288400
2015-07-23, 126.2, 127.09, 125.06, 125.16,50832950
2015-07-24, 125.32, 125.74, 123.9, 124.5,42090320
2015-07-27, 123.09, 123.61, 122.12, 122.77,44371580
2015-07-28, 123.38, 123.91, 122.55, 123.38,33570380
2015-07-29, 123.15, 123.5, 122.27, 122.99,36912040
2015-07-30, 122.32, 122.5699, 121.71, 122.37,33400950
2015-07-31, 122.6, 122.6425, 120.91, 121.3,42832890
2015-08-03, 121.5, 122.57, 117.52, 118.44,69639900
2015-08-04, 117.42, 117.7, 113.25, 114.64,123601900
2015-08-05, 112.95, 117.44, 112.1, 115.4,99202400
2015-08-06, 115.97, 116.5, 114.115, 115.13,52828890
2015-08-07, 114.58, 116.25, 114.5, 115.52,38610120
2015-08-10, 116.53, 119.99, 116.53, 119.72,54851010
2015-08-11, 117.81, 118.18, 113.33, 113.49,96820670
2015-08-12, 112.53, 115.42, 109.63, 115.24,101593400
2015-08-13, 116.04, 116.4, 114.54, 115.15,48407640
2015-08-14, 114.32, 116.31, 114.01, 115.96,42876370
2015-08-17, 116.04, 117.65, 115.5, 117.16,40827260
2015-08-18, 116.43, 117.44, 116.01, 116.5,34525630
2015-08-19, 116.1, 116.52, 114.68, 115.01,48079330
2015-08-20, 114.08, 114.35, 111.63, 112.65,68176940
2015-08-21, 110.43, 111.9, 105.645, 105.76,127246600
2015-08-24, 94.87, 108.8, 92, 103.12,161882500
2015-08-25, 111.11, 111.11, 103.5, 103.74,102731700
2015-08-26, 107.085, 109.89, 105.05, 109.69,96531890
2015-08-27, 112.23, 113.24, 110.02, 112.92,83825220
2015-08-28, 112.17, 113.31, 111.54, 113.29,53075960
2015-08-31, 112.03, 114.53, 112, 112.76,56111590
2015-09-01, 110.15, 111.88, 107.36, 107.72,76562170
2015-09-02, 110.23, 112.34, 109.131, 112.34,61681250
2015-09-03, 112.49, 112.78, 110.04, 110.37,53142590
2015-09-04, 108.97, 110.45, 108.51, 109.27,49904460
2015-09-08, 111.65, 112.56, 110.32, 112.31,54507300
2015-09-09, 113.76, 114.02, 109.77, 110.15,84757780
2015-09-10, 110.27, 113.2825, 109.9, 112.57,62800770
2015-09-11, 111.79, 114.21, 111.76, 114.21,49793750
2015-09-14, 116.58, 116.89, 114.86, 115.31,58279570
2015-09-15, 115.93, 116.53, 114.42, 116.28,43218350
2015-09-16, 116.25, 116.54, 115.44, 116.41,37080720
2015-09-17, 115.66, 116.49, 113.715, 113.92,63712340
2015-09-18, 112.21, 114.3, 111.87, 113.45,73991000
2015-09-21, 113.67, 115.37, 113.66, 115.21,46594220
2015-09-22, 113.38, 114.18, 112.5201, 113.4,50278030
2015-09-23, 113.63, 114.72, 113.3, 114.32,35678360
2015-09-24, 113.25, 115.5, 112.37, 115,50061580
2015-09-25, 116.44, 116.69, 114.02, 114.71,56005550
2015-09-28, 113.85, 114.57, 112.44, 112.44,51861990
2015-09-29, 112.83, 113.51, 107.86, 109.06,73230280
2015-09-30, 110.17, 111.54, 108.73, 110.3,66300930
2015-10-01, 109.07, 109.62, 107.31, 109.58,63849470
2015-10-02, 108.01, 111.0136, 107.55, 110.38,57774940
2015-10-05, 109.88, 111.3698, 109.07, 110.78,52033100
2015-10-06, 110.63, 111.74, 109.765, 111.31,48702200
2015-10-07, 111.74, 111.77, 109.41, 110.78,46717770
2015-10-08, 110.19, 110.19, 108.21, 109.5,61747260
2015-10-09, 110, 112.28, 109.49, 112.12,52720620
2015-10-12, 112.73, 112.75, 111.44, 111.6,30386830
2015-10-13, 110.82, 112.45, 110.68, 111.79,32970790
2015-10-14, 111.29, 111.52, 109.56, 110.21,44434220
2015-10-15, 110.93, 112.1, 110.49, 111.86,37622200
2015-10-16, 111.78, 112, 110.53, 111.04,38794930
2015-10-19, 110.8, 111.75, 110.11, 111.73,29723750
2015-10-20, 111.34, 114.17, 110.82, 113.77,48929200
2015-10-21, 114, 115.58, 113.7, 113.76,42276880
2015-10-22, 114.33, 115.5, 114.1, 115.5,41430660
2015-10-23, 116.7, 119.228, 116.33, 119.08,59251740
2015-10-26, 118.08, 118.13, 114.92, 115.28,66139770
2015-10-27, 115.4, 116.54, 113.99, 114.55,67673450
2015-10-28, 116.93, 119.3, 116.06, 119.27,85436210
2015-10-29, 118.7, 120.69, 118.27, 120.53,51106100
2015-10-30, 120.99, 121.22, 119.45, 119.5,49305220
2015-11-02, 119.87, 121.36, 119.61, 121.18,32152870
2015-11-03, 120.79, 123.49, 120.7, 122.57,45479260
2015-11-04, 123.13, 123.82, 121.62, 122,44829060
2015-11-05, 121.85, 122.69, 120.18, 120.92,39483400
2015-11-06, 121.11, 121.81, 120.62, 121.06,33009110
2015-11-09, 120.96, 121.81, 120.05, 120.57,33829290
2015-11-10, 116.9, 118.07, 116.061, 116.77,59029400
2015-11-11, 116.37, 117.42, 115.21, 116.11,45179400
2015-11-12, 116.26, 116.82, 115.65, 115.72,32461350
2015-11-13, 115.2, 115.57, 112.27, 112.34,45555300
2015-11-16, 111.38, 114.24, 111, 114.175,37979570
2015-11-17, 114.92, 115.05, 113.32, 113.69,27584020
2015-11-18, 115.76, 117.49, 115.5, 117.29,46559730
2015-11-19, 117.64, 119.75, 116.76, 118.78,43233950
2015-11-20, 119.2, 119.92, 118.85, 119.3,34135230
2015-11-23, 119.27, 119.73, 117.34, 117.75,32445680
2015-11-24, 117.33, 119.35, 117.12, 118.88,42747950
2015-11-25, 119.21, 119.23, 117.92, 118.03,21341960
2015-11-27, 118.29, 118.41, 117.6, 117.81,13046450
2015-11-30, 117.99, 119.41, 117.75, 118.3,38063130
2015-12-01, 118.75, 118.81, 116.86, 117.34,34806250
2015-12-02, 117.05, 118.11, 116.08, 116.28,33316990
2015-12-03, 116.55, 116.79, 114.22, 115.2,41511380
2015-12-04, 115.29, 119.25, 115.11, 119.03,57717870
2015-12-07, 118.98, 119.86, 117.81, 118.28,32063100
2015-12-08, 117.52, 118.6, 116.86, 118.23,34275420
2015-12-09, 117.64, 117.69, 115.08, 115.62,46301930
2015-12-10, 116.04, 116.94, 115.51, 116.17,29158640
2015-12-11, 115.19, 115.39, 112.851, 113.18,46810020
2015-12-14, 112.18, 112.68, 109.79, 112.48,64678220
2015-12-15, 111.94, 112.8, 110.35, 110.49,53168580
2015-12-16, 111.07, 111.99, 108.8, 111.34,56157370
2015-12-17, 112.02, 112.25, 108.98, 108.98,44654830
2015-12-18, 108.91, 109.52, 105.81, 106.03,96197190
2015-12-21, 107.28, 107.37, 105.57, 107.33,47507230
2015-12-22, 107.4, 107.72, 106.451, 107.23,32728460
2015-12-23, 107.27, 108.85, 107.2, 108.61,32618140
2015-12-24, 109, 109, 107.95, 108.03,13596680
2015-12-28, 107.59, 107.69, 106.1807, 106.82,26639930
2015-12-29, 106.96, 109.43, 106.86, 108.74,30912260
2015-12-30, 108.58, 108.7, 107.18, 107.32,25184090
2015-12-31, 107.01, 107.03, 104.82, 105.26,40885480
2016-01-04, 102.61, 105.368, 102, 105.35,67569090
2016-01-05, 105.75, 105.85, 102.41, 102.71,55583140
2016-01-06, 100.56, 102.37, 99.87, 100.7,68384270
2016-01-07, 98.68, 100.13, 96.43, 96.45,80742460
2016-01-08, 98.55, 99.11, 96.76, 96.96,70722000
2016-01-11, 98.97, 99.06, 97.34, 98.53,49687870
2016-01-12, 100.55, 100.69, 98.8399, 99.96,49046150
2016-01-13, 100.32, 101.19, 97.3, 97.39,62285770
2016-01-14, 97.96, 100.48, 95.74, 99.52,63000140
2016-01-15, 96.2, 97.71, 95.36, 97.13,79356010
2016-01-19, 98.41, 98.65, 95.5, 96.66,52960810
2016-01-20, 95.1, 98.1897, 93.42, 96.79,72274300
2016-01-21, 97.06, 97.88, 94.94, 96.3,52099200
2016-01-22, 98.63, 101.46, 98.37, 101.42,65648660
2016-01-25, 101.52, 101.53, 99.21, 99.44,51529980
2016-01-26, 99.93, 100.88, 98.07, 99.99,71937310
2016-01-27, 96.04, 96.6289, 93.34, 93.42,133059000
2016-01-28, 93.79, 94.52, 92.39, 94.09,55622370
2016-01-29, 94.79, 97.34, 94.35, 97.34,64332440
2016-02-01, 96.47, 96.71, 95.4, 96.43,40814360
2016-02-02, 95.42, 96.04, 94.28, 94.48,37190500
2016-02-03, 95, 96.84, 94.08, 96.35,45870130
2016-02-04, 95.86, 97.33, 95.19, 96.6,46418230
2016-02-05, 96.52, 96.92, 93.69, 94.02,46315620
2016-02-08, 93.13, 95.7, 93.04, 95.01,53920550
2016-02-09, 94.29, 95.94, 93.93, 94.99,44282560
2016-02-10, 95.92, 96.35, 94.1, 94.27,42288790
2016-02-11, 93.79, 94.72, 92.59, 93.7,49979700
2016-02-12, 94.19, 94.5, 93.01, 93.99,40323020
2016-02-16, 95.02, 96.85, 94.61, 96.64,48032600
2016-02-17, 96.67, 98.21, 96.15, 98.12,44811800
2016-02-18, 98.84, 98.89, 96.091, 96.26,38866100
2016-02-19, 96, 96.7599, 95.8, 96.04,35290570
2016-02-22, 96.31, 96.9, 95.92, 96.88,34240470
2016-02-23, 96.4, 96.5, 94.55, 94.69,31851180
2016-02-24, 93.98, 96.38, 93.32, 96.1,36192150
2016-02-25, 96.05, 96.76, 95.25, 96.76,27526040
2016-02-26, 97.2, 98.0237, 96.58, 96.91,28949760
2016-02-29, 96.86, 98.23, 96.65, 96.69,35131460
2016-03-01, 97.65, 100.77, 97.42, 100.53,50303500
2016-03-02, 100.51, 100.89, 99.64, 100.75,33136130
2016-03-03, 100.58, 101.7099, 100.45, 101.5,36884490
2016-03-04, 102.37, 103.75, 101.37, 103.01,46026600
2016-03-07, 102.39, 102.83, 100.96, 101.87,35890740
2016-03-08, 100.78, 101.76, 100.4, 101.03,31538710
2016-03-09, 101.31, 101.58, 100.27, 101.12,27148530
2016-03-10, 101.41, 102.24, 100.15, 101.17,33490630
2016-03-11, 102.24, 102.28, 101.5, 102.26,27368840
2016-03-14, 101.91, 102.91, 101.78, 102.52,25058280
2016-03-15, 103.96, 105.18, 103.85, 104.58,40026250
2016-03-16, 104.61, 106.31, 104.59, 105.97,38236730
2016-03-17, 105.52, 106.47, 104.96, 105.8,34394830
2016-03-18, 106.34, 106.5, 105.19, 105.92,43607120
2016-03-21, 105.93, 107.65, 105.1401, 105.91,35454230
2016-03-22, 105.25, 107.29, 105.21, 106.72,32345430
2016-03-23, 106.48, 107.07, 105.9, 106.13,25686350
2016-03-24, 105.47, 106.25, 104.89, 105.67,25568350
2016-03-28, 106, 106.19, 105.06, 105.19,19354440
2016-03-29, 104.89, 107.79, 104.88, 107.68,31154910
2016-03-30, 108.65, 110.42, 108.6, 109.56,45547590
2016-03-31, 109.72, 109.9, 108.88, 108.99,25763840
2016-04-01, 108.78, 110, 108.2, 109.99,25820460
2016-04-04, 110.42, 112.19, 110.27, 111.12,37322930
2016-04-05, 109.51, 110.73, 109.42, 109.81,26560420
2016-04-06, 110.23, 110.98, 109.2, 110.96,26178840
2016-04-07, 109.95, 110.42, 108.121, 108.54,31735810
2016-04-08, 108.91, 109.77, 108.17, 108.66,23553790
2016-04-11, 108.97, 110.61, 108.83, 109.02,29357940
2016-04-12, 109.34, 110.5, 108.66, 110.44,27150570
2016-04-13, 110.8, 112.34, 110.8, 112.04,32771760
2016-04-14, 111.62, 112.39, 111.33, 112.1,25364920
2016-04-15, 112.11, 112.3, 109.73, 109.85,46873670
2016-04-18, 108.89, 108.95, 106.94, 107.48,60784920
2016-04-19, 107.88, 108, 106.23, 106.91,32340620
2016-04-20, 106.64, 108.09, 106.06, 107.13,30576980
2016-04-21, 106.93, 106.93, 105.52, 105.97,31416910
2016-04-22, 105.01, 106.48, 104.62, 105.68,33655810
2016-04-25, 105, 105.65, 104.51, 105.08,27997990
2016-04-26, 103.91, 105.3, 103.91, 104.35,52979780
2016-04-27, 96, 98.71, 95.68, 97.82,114436300
2016-04-28, 97.61, 97.88, 94.25, 94.83,82107120
2016-04-29, 93.99, 94.72, 92.51, 93.74,68388840
2016-05-02, 93.965, 94.08, 92.4, 93.64,47844490
2016-05-03, 94.2, 95.74, 93.68, 95.18,56770080
2016-05-04, 95.2, 95.9, 93.82, 94.19,40984160
2016-05-05, 94, 94.07, 92.68, 93.24,35850220
2016-05-06, 93.37, 93.45, 91.85, 92.72,43665160
2016-05-09, 93, 93.77, 92.59, 92.79,32895650
2016-05-10, 93.33, 93.57, 92.11, 93.42,33653020
2016-05-11, 93.48, 93.57, 92.46, 92.51,28641180
2016-05-12, 92.72, 92.78, 89.47, 90.34,76183460
2016-05-13, 90, 91.67, 90, 90.52,44223040
2016-05-16, 92.39, 94.39, 91.65, 93.88,61192340
2016-05-17, 94.55, 94.7, 93.01, 93.49,46858910
2016-05-18, 94.16, 95.21, 93.89, 94.56,42009830
2016-05-19, 94.64, 94.64, 93.57, 94.2,30417880
2016-05-20, 94.64, 95.43, 94.52, 95.22,31834020
2016-05-23, 95.87, 97.19, 95.67, 96.43,37977020
2016-05-24, 97.22, 98.09, 96.84, 97.9,35074380
2016-05-25, 98.67, 99.74, 98.11, 99.62,38258300
2016-05-26, 99.68, 100.73, 98.64, 100.41,56293490
2016-05-27, 99.44, 100.47, 99.245, 100.35,36299460
2016-05-31, 99.6, 100.4, 98.82, 99.86,42268040
2016-06-01, 99.02, 99.54, 98.33, 98.46,29139100
2016-06-02, 97.6, 97.84, 96.63, 97.72,40170200
2016-06-03, 97.79, 98.27, 97.45, 97.92,28487570
2016-06-06, 97.99, 101.89, 97.55, 98.63,23265200
2016-06-07, 99.25, 99.87, 98.96, 99.03,22378380
2016-06-08, 99.02, 99.56, 98.68, 98.94,20839950
2016-06-09, 98.5, 99.99, 98.46, 99.65,26575570
2016-06-10, 98.53, 99.3457, 98.48, 98.83,31672220
2016-06-13, 98.69, 99.12, 97.1, 97.34,37708360
2016-06-14, 97.32, 98.475, 96.75, 97.46,31890740
2016-06-15, 97.82, 98.41, 97.03, 97.14,29373050
2016-06-16, 96.45, 97.75, 96.07, 97.55,31251870
2016-06-17, 96.62, 96.65, 95.3, 95.33,60793260
2016-06-20, 96, 96.57, 95.03, 95.1,34355970
2016-06-21, 94.94, 96.35, 94.676, 95.91,35407050
2016-06-22, 96.25, 96.89, 95.35, 95.55,29124140
2016-06-23, 95.94, 96.29, 95.25, 96.1,32042290
2016-06-24, 92.91, 94.655, 92.65, 93.4,75219710
2016-06-27, 93, 93.05, 91.5, 92.04,45595680
2016-06-28, 92.9, 93.66, 92.14, 93.59,40387960
2016-06-29, 93.97, 94.55, 93.63, 94.4,36505420
2016-06-30, 94.44, 95.77, 94.3, 95.6,35783320
2016-07-01, 95.49, 96.465, 95.33, 95.89,25982080
2016-07-05, 95.39, 95.4, 94.46, 94.99,27553750
2016-07-06, 94.6, 95.66, 94.37, 95.53,30877540
2016-07-07, 95.7, 96.5, 95.62, 95.94,24460850
2016-07-08, 96.49, 96.89, 96.05, 96.68,28877500
2016-07-11, 96.75, 97.65, 96.73, 96.98,23317990
2016-07-12, 97.17, 97.7, 97.12, 97.42,24129530
2016-07-13, 97.41, 97.67, 96.84, 96.87,25879680
2016-07-14, 97.39, 98.99, 97.32, 98.79,38885980
2016-07-15, 98.92, 99.3, 98.5, 98.78,30031410
2016-07-18, 98.7, 100.13, 98.6, 99.83,36464530
2016-07-19, 99.56, 100, 99.34, 99.87,23766360
2016-07-20, 100, 100.46, 99.735, 99.96,26219110
2016-07-21, 99.83, 101, 99.13, 99.43,32690080
2016-07-22, 99.26, 99.3, 98.31, 98.66,28218240
2016-07-25, 98.25, 98.84, 96.92, 97.34,40290580
2016-07-26, 96.82, 97.97, 96.42, 96.67,53454620
2016-07-27, 104.265, 104.35, 102.75, 102.95,92143920
2016-07-28, 102.83, 104.45, 102.82, 104.34,38771840
2016-07-29, 104.19, 104.55, 103.68, 104.21,27697970
2016-08-01, 104.41, 106.15, 104.41, 106.05,38018910
2016-08-02, 106.05, 106.07, 104, 104.48,33770220
2016-08-03, 104.81, 105.84, 104.77, 105.79,30148360
2016-08-04, 105.58, 106, 105.28, 105.87,26781730
2016-08-05, 106.27, 107.65, 106.18, 107.48,39546610
2016-08-08, 107.52, 108.37, 107.16, 108.37,28010430
2016-08-09, 108.23, 108.94, 108.01, 108.81,26296260
2016-08-10, 108.71, 108.9, 107.76, 108,23839880
2016-08-11, 108.52, 108.93, 107.85, 107.93,27460070
2016-08-12, 107.78, 108.44, 107.78, 108.18,18648700
2016-08-15, 108.14, 109.54, 108.08, 109.48,25704330
2016-08-16, 109.63, 110.23, 109.21, 109.38,33754680
2016-08-17, 109.1, 109.37, 108.34, 109.22,25328680
2016-08-18, 109.23, 109.6, 109.02, 109.08,21918340
2016-08-19, 108.77, 109.69, 108.36, 109.36,25108890
2016-08-22, 108.86, 109.1, 107.85, 108.51,25784420
2016-08-23, 108.59, 109.32, 108.53, 108.85,21236850
2016-08-24, 108.565, 108.75, 107.68, 108.03,23606240
2016-08-25, 107.39, 107.88, 106.68, 107.57,25001730
2016-08-26, 107.41, 107.95, 106.31, 106.94,27744300
2016-08-29, 106.62, 107.44, 106.29, 106.82,24900130
2016-08-30, 105.8, 106.5, 105.5, 106,24817940
2016-08-31, 105.66, 106.5699, 105.64, 106.1,31639010
2016-09-01, 106.14, 106.8, 105.62, 106.73,26675250
2016-09-02, 107.7, 108, 106.82, 107.73,26393770
2016-09-06, 107.9, 108.3, 107.51, 107.7,26645130
2016-09-07, 107.83, 108.76, 107.07, 108.36,42250480
2016-09-08, 107.25, 107.27, 105.24, 105.52,52955310
2016-09-09, 104.64, 105.72, 103.13, 103.13,46461610
2016-09-12, 102.65, 105.72, 102.53, 105.44,45114590
2016-09-13, 107.51, 108.79, 107.24, 107.95,62080160
2016-09-14, 108.73, 113.03, 108.6, 111.77,111186900
2016-09-15, 113.86, 115.73, 113.49, 115.57,90398170
2016-09-16, 115.12, 116.13, 114.04, 114.92,79763890
2016-09-19, 115.19, 116.18, 113.25, 113.58,46937190
2016-09-20, 113.05, 114.12, 112.51, 113.57,34494150
2016-09-21, 113.85, 113.989, 112.441, 113.55,35951900
2016-09-22, 114.35, 114.94, 114, 114.62,31048170
2016-09-23, 114.42, 114.79, 111.55, 112.71,52411070
2016-09-26, 111.64, 113.39, 111.55, 112.88,29800240
2016-09-27, 113, 113.18, 112.34, 113.09,24587490
2016-09-28, 113.69, 114.64, 113.43, 113.95,29608390
2016-09-29, 113.16, 113.8, 111.8, 112.18,35850010
2016-09-30, 112.46, 113.37, 111.8, 113.05,36340670
2016-10-03, 112.71, 113.05, 112.28, 112.52,21634520
2016-10-04, 113.06, 114.31, 112.63, 113,29707270
2016-10-05, 113.4, 113.66, 112.69, 113.05,21400410
2016-10-06, 113.7, 114.34, 113.13, 113.89,28508710
2016-10-07, 114.31, 114.56, 113.51, 114.06,24336440
2016-10-10, 115.02, 116.75, 114.72, 116.05,36087910
2016-10-11, 117.7, 118.69, 116.2, 116.3,63963010
2016-10-12, 117.35, 117.98, 116.75, 117.34,37512930
2016-10-13, 116.79, 117.44, 115.72, 116.98,35041820
2016-10-14, 117.88, 118.17, 117.13, 117.63,35626020
2016-10-17, 117.33, 117.84, 116.78, 117.55,23583810
2016-10-18, 118.18, 118.21, 117.45, 117.47,24308210
2016-10-19, 117.25, 117.76, 113.8, 117.12,19977160
2016-10-20, 116.86, 117.38, 116.33, 117.06,24100150
2016-10-21, 116.81, 116.91, 116.28, 116.6,22527690
2016-10-24, 117.1, 117.74, 117, 117.65,23492650
2016-10-25, 117.95, 118.36, 117.31, 118.25,46820600
2016-10-26, 114.31, 115.7, 113.31, 115.59,66028640
2016-10-27, 115.39, 115.86, 114.1, 114.48,31396130
2016-10-28, 113.87, 115.21, 113.45, 113.72,36792100
2016-10-31, 113.65, 114.23, 113.2, 113.54,26378910
2016-11-01, 113.46, 113.77, 110.53, 111.49,43403760
2016-11-02, 111.4, 112.35, 111.23, 111.59,28174980
2016-11-03, 110.98, 111.46, 109.55, 109.83,26538700
2016-11-04, 108.53, 110.25, 108.11, 108.84,30790930
2016-11-07, 110.08, 110.51, 109.46, 110.41,32361930
2016-11-08, 110.31, 111.72, 109.7, 111.06,24129630
2016-11-09, 109.88, 111.32, 108.05, 110.88,59118740
2016-11-10, 111.09, 111.09, 105.83, 107.79,57097740
2016-11-11, 107.12, 108.87, 106.55, 108.43,34117030
2016-11-14, 107.71, 107.809, 104.08, 105.71,50901380
2016-11-15, 106.57, 107.68, 106.1593, 107.11,32230590
2016-11-16, 106.7, 110.23, 106.6, 109.99,58724080
2016-11-17, 109.81, 110.35, 108.83, 109.95,27623150
2016-11-18, 109.72, 110.54, 109.66, 110.06,28310840
2016-11-21, 110.12, 111.99, 110.01, 111.73,29164190
2016-11-22, 111.95, 112.42, 111.4, 111.8,25931710
2016-11-23, 111.36, 111.51, 110.33, 111.23,27420550
2016-11-25, 111.13, 111.87, 110.95, 111.79,11475920
2016-11-28, 111.43, 112.465, 111.39, 111.57,27054320
2016-11-29, 110.78, 112.03, 110.07, 111.46,28507780
2016-11-30, 111.6, 112.2, 110.27, 110.52,36151450
2016-12-01, 110.365, 110.94, 109.03, 109.49,37034520
2016-12-02, 109.17, 110.09, 108.85, 109.9,26481320
2016-12-05, 110, 110.03, 108.25, 109.11,34113880
2016-12-06, 109.5, 110.36, 109.19, 109.95,26160560
2016-12-07, 109.26, 111.19, 109.16, 111.03,29976030
2016-12-08, 110.86, 112.43, 110.6, 112.12,27049830
2016-12-09, 112.31, 114.7, 112.31, 113.95,34324350
2016-12-12, 113.29, 115, 112.49, 113.3,26176690
2016-12-13, 113.84, 115.92, 113.75, 115.19,43293350
2016-12-14, 115.04, 116.2, 114.98, 115.19,33962370
2016-12-15, 115.38, 116.73, 115.23, 115.82,46286150
2016-12-16, 116.47, 116.5, 115.645, 115.97,44284660
2016-12-19, 115.8, 117.38, 115.75, 116.64,27756760
2016-12-20, 116.74, 117.5, 116.68, 116.95,21337310
2016-12-21, 116.8, 117.4, 116.78, 117.06,23724430
2016-12-22, 116.35, 116.51, 115.64, 116.29,26043820
2016-12-23, 115.59, 116.52, 115.59, 116.52,14244050
2016-12-27, 116.52, 117.8, 116.49, 117.26,18131970
2016-12-28, 117.52, 118.0166, 116.2, 116.76,20686510
2016-12-29, 116.45, 117.1095, 116.4, 116.73,14979680
2016-12-30, 116.65, 117.2, 115.43, 115.82,30555900
2017-01-03, 115.8, 116.33, 114.76, 116.15,28769220
2017-01-04, 115.85, 116.51, 115.75, 116.02,21081620
2017-01-05, 115.92, 116.8642, 115.81, 116.61,22115100
2017-01-06, 116.78, 118.16, 116.47, 117.91,31714820
2017-01-09, 117.95, 119.43, 117.94, 118.99,33420290
2017-01-10, 118.77, 119.38, 118.3, 119.11,24432660
2017-01-11, 118.74, 119.93, 118.6, 119.75,27453130
2017-01-12, 118.895, 119.3, 118.21, 119.25,27057550
2017-01-13, 119.11, 119.62, 118.81, 119.04,26083030
2017-01-17, 118.34, 120.24, 118.22, 120,34412090
2017-01-18, 120, 120.5, 119.71, 119.99,23687350
2017-01-19, 119.4, 120.09, 119.37, 119.78,25554290
2017-01-20, 120.45, 120.45, 119.7346, 120,29922650
2017-01-23, 120, 120.81, 119.77, 120.08,21982000
2017-01-24, 119.55, 120.1, 119.5, 119.97,23191150
2017-01-25, 120.42, 122.1, 120.28, 121.88,32417410
2017-01-26, 121.67, 122.44, 121.6, 121.94,26320740
2017-01-27, 122.14, 122.35, 121.6, 121.95,20495340
2017-01-30, 120.93, 121.63, 120.66, 121.63,30327110
2017-01-31, 121.15, 121.39, 120.62, 121.35,47767760
2017-02-01, 127.03, 130.49, 127.01, 128.75,111837300
2017-02-02, 127.975, 129.39, 127.78, 128.53,33671250
2017-02-03, 128.31, 129.19, 128.16, 129.08,24460160
2017-02-06, 129.13, 130.5, 128.9, 130.29,26784530
2017-02-07, 130.54, 132.09, 130.45, 131.53,38158410
2017-02-08, 131.35, 132.22, 131.22, 132.04,22941650
2017-02-09, 131.65, 132.445, 131.12, 132.42,28321440
2017-02-10, 132.46, 132.94, 132.05, 132.12,20046250
2017-02-13, 133.08, 133.82, 132.75, 133.29,22989980
2017-02-14, 133.47, 135.09, 133.25, 135.02,33054500
2017-02-15, 135.52, 136.27, 134.62, 135.51,35578640
2017-02-16, 135.67, 135.9, 134.8398, 135.345,22539860
2017-02-17, 135.1, 135.83, 135.1, 135.72,22163280
2017-02-21, 136.23, 136.75, 135.98, 136.7,24487200
2017-02-22, 136.43, 137.12, 136.11, 137.11,20769030
2017-02-23, 137.38, 137.48, 136.3, 136.53,20762360
2017-02-24, 135.91, 136.66, 135.28, 136.66,21754600
2017-02-27, 137.14, 137.435, 136.28, 136.93,20222210
2017-02-28, 137.08, 137.435, 136.7, 136.99,23446340
2017-03-01, 137.89, 140.15, 137.595, 139.79,36362440
2017-03-02, 140, 140.2786, 138.76, 138.96,26170690
2017-03-03, 138.78, 139.83, 138.59, 139.78,21555370
2017-03-06, 139.365, 139.77, 138.5959, 139.34,21229890
2017-03-07, 139.06, 139.98, 138.79, 139.52,17439210
2017-03-08, 138.95, 139.8, 138.82, 139,18695500
2017-03-09, 138.74, 138.79, 137.05, 138.68,22117750
2017-03-10, 139.25, 139.3571, 138.64, 139.14,19578920
2017-03-13, 138.85, 139.43, 138.82, 139.2,17048800
2017-03-14, 139.3, 139.65, 138.84, 138.99,15281850
2017-03-15, 139.41, 140.7501, 139.025, 140.46,25676720
2017-03-16, 140.72, 141.02, 140.26, 140.69,19173780
2017-03-17, 141, 141, 139.89, 139.99,43700570
2017-03-20, 140.4, 141.5, 140.23, 141.46,21258100
2017-03-21, 142.11, 142.8, 139.73, 139.84,39461130
2017-03-22, 139.845, 141.6, 139.76, 141.42,25804820
2017-03-23, 141.26, 141.5844, 140.61, 140.92,20299310
2017-03-24, 141.5, 141.74, 140.35, 140.64,22355140
2017-03-27, 139.39, 141.22, 138.62, 140.88,23531670
2017-03-28, 140.91, 144.04, 140.62, 143.8,33348400
2017-03-29, 143.68, 144.49, 143.19, 144.12,29174040
2017-03-30, 144.19, 144.5, 143.5, 143.93,21189000
2017-03-31, 143.72, 144.27, 143.01, 143.66,19576480
2017-04-03, 143.71, 144.12, 143.05, 143.7,19970040
2017-04-04, 143.25, 144.89, 143.17, 144.77,19865300
2017-04-05, 144.22, 145.46, 143.81, 144.02,27649500
2017-04-06, 144.29, 144.52, 143.45, 143.66,21131040
2017-04-07, 143.73, 144.18, 143.27, 143.34,16658660
2017-04-10, 143.6, 143.8792, 142.9, 143.17,18904680
2017-04-11, 142.94, 143.35, 140.06, 141.63,30341520
2017-04-12, 141.6, 142.15, 141.01, 141.8,20320420
2017-04-13, 141.91, 142.38, 141.05, 141.05,17775510
2017-04-17, 141.48, 141.88, 140.87, 141.83,16529130
2017-04-18, 141.41, 142.04, 141.11, 141.2,14676420
2017-04-19, 141.88, 142, 140.45, 140.68,17302160
2017-04-20, 141.22, 142.92, 141.16, 142.44,23294040
2017-04-21, 142.44, 142.68, 141.85, 142.27,17290900
2017-04-24, 143.5, 143.95, 143.18, 143.64,17117710
2017-04-25, 143.91, 144.9, 143.87, 144.53,18325720
2017-04-26, 144.47, 144.6, 143.3762, 143.68,19998050
2017-04-27, 143.923, 144.16, 143.31, 143.79,14198660
2017-04-28, 144.09, 144.3, 143.27, 143.65,20783460
2017-05-01, 145.1, 147.2, 144.96, 146.58,33498270
2017-05-02, 147.54, 148.09, 146.84, 147.51,44182930
2017-05-03, 145.59, 147.49, 144.27, 147.06,45579740
2017-05-04, 146.52, 147.14, 145.81, 146.53,23345970
2017-05-05, 146.76, 148.98, 146.76, 148.96,27254850
2017-05-08, 149.03, 153.7, 149.03, 153.01,48670440
2017-05-09, 153.87, 154.88, 153.45, 153.99,38907940
2017-05-10, 153.63, 153.94, 152.11, 153.26,25779060
2017-05-11, 152.45, 154.07, 152.31, 153.95,27236290
2017-05-12, 154.7, 156.42, 154.67, 156.1,32493770
2017-05-15, 156.01, 156.65, 155.05, 155.7,25912270
2017-05-16, 155.94, 156.06, 154.72, 155.47,19994270
2017-05-17, 153.6, 154.57, 149.71, 150.25,50674280
2017-05-18, 151.27, 153.34, 151.13, 152.54,33520150
2017-05-19, 153.38, 153.98, 152.63, 153.06,26892850
2017-05-22, 154, 154.58, 152.91, 153.99,22930630
2017-05-23, 154.9, 154.9, 153.31, 153.8,19906170
2017-05-24, 153.84, 154.17, 152.67, 153.34,19201820
2017-05-25, 153.73, 154.35, 153.03, 153.87,19217810
2017-05-26, 154, 154.24, 153.31, 153.61,21895020
2017-05-30, 153.42, 154.43, 153.33, 153.67,20118620
2017-05-31, 153.97, 154.17, 152.38, 152.76,24452750
2017-06-01, 153.17, 153.33, 152.22, 153.18,16383610
2017-06-02, 153.58, 155.45, 152.89, 155.45,27715140
2017-06-05, 154.34, 154.45, 153.46, 153.93,25277680
2017-06-06, 153.9, 155.81, 153.78, 154.45,26591850
2017-06-07, 155.02, 155.98, 154.48, 155.37,21017560
2017-06-08, 155.25, 155.54, 154.4, 154.99,21144040
2017-06-09, 155.19, 155.19, 146.02, 148.98,64782910
2017-06-12, 145.74, 146.09, 142.51, 145.42,72187710
2017-06-13, 147.16, 147.45, 145.15, 146.59,34089190
2017-06-14, 147.5, 147.5, 143.84, 145.16,31454590
2017-06-15, 143.32, 144.4798, 142.21, 144.29,31642900
2017-06-16, 143.78, 144.5, 142.2, 142.27,50264540
2017-06-19, 143.66, 146.74, 143.66, 146.34,32203640
2017-06-20, 146.87, 146.87, 144.94, 145.01,24877950
2017-06-21, 145.52, 146.0693, 144.61, 145.87,21247590
2017-06-22, 145.77, 146.7, 145.1199, 145.63,19082170
2017-06-23, 145.13, 147.16, 145.11, 146.28,35421310
2017-06-26, 147.17, 148.28, 145.38, 145.82,25674500
2017-06-27, 145.01, 146.16, 143.62, 143.73,24725210
2017-06-28, 144.49, 146.11, 143.1601, 145.83,22052920
2017-06-29, 144.71, 145.13, 142.28, 143.68,31450520
2017-06-30, 144.45, 144.96, 143.78, 144.02,22986960
2017-07-03, 144.88, 145.3001, 143.1, 143.5,14277850
2017-07-05, 143.69, 144.79, 142.7237, 144.09,21550270
2017-07-06, 143.02, 143.5, 142.41, 142.73,24110330
2017-07-07, 142.9, 144.75, 142.9, 144.18,18527000
2017-07-10, 144.11, 145.95, 143.37, 145.06,21080580
2017-07-11, 144.73, 145.85, 144.38, 145.53,18647220
2017-07-12, 145.87, 146.18, 144.82, 145.74,24833800
2017-07-13, 145.5, 148.49, 145.44, 147.77,25080500
2017-07-14, 147.97, 149.33, 147.33, 149.04,20117070
2017-07-17, 148.82, 150.9, 148.57, 149.56,23765710
2017-07-18, 149.2, 150.13, 148.67, 150.08,17837130
2017-07-19, 150.48, 151.42, 149.95, 151.02,20859830
2017-07-20, 151.5, 151.74, 150.19, 150.34,17170490
2017-07-21, 149.99, 150.44, 148.88, 150.27,25111310
2017-07-24, 150.58, 152.44, 149.9, 152.09,21466370
2017-07-25, 151.8, 153.84, 151.8, 152.74,18798250
2017-07-26, 153.35, 153.93, 153.06, 153.46,15649120
2017-07-27, 153.75, 153.99, 147.3, 150.56,32429770
2017-07-28, 149.89, 150.23, 149.19, 149.5,17192770
2017-07-31, 149.9, 150.33, 148.13, 148.73,19690420
2017-08-01, 149.1, 150.22, 148.41, 150.05,33669020
2017-08-02, 159.28, 159.75, 156.16, 157.14,69726440
2017-08-03, 157.05, 157.21, 155.02, 155.57,26604140
2017-08-04, 156.07, 157.4, 155.69, 156.39,20514810
2017-08-07, 157.06, 158.92, 156.6701, 158.81,21827400
2017-08-08, 158.6, 161.83, 158.27, 160.08,36127490
2017-08-09, 159.26, 161.27, 159.11, 161.06,26060430
2017-08-10, 159.9, 160, 154.63, 155.32,39636190
2017-08-11, 156.6, 158.5728, 156.07, 157.48,26208970
2017-08-14, 159.32, 160.21, 158.75, 159.85,22074760
2017-08-15, 160.66, 162.195, 160.14, 161.6,29377630
2017-08-16, 161.94, 162.51, 160.15, 160.95,27607370
2017-08-17, 160.52, 160.71, 157.84, 157.86,27377960
2017-08-18, 157.86, 159.5, 156.72, 157.5,27391950
2017-08-21, 157.5, 157.89, 155.1101, 157.21,26330070
2017-08-22, 158.23, 160, 158.02, 159.78,21564890
2017-08-23, 159.07, 160.47, 158.88, 159.98,19376940
2017-08-24, 160.43, 160.74, 158.55, 159.27,19782170
2017-08-25, 159.65, 160.56, 159.27, 159.86,25184600
2017-08-28, 160.14, 162, 159.93, 161.47,25649890
2017-08-29, 160.1, 163.12, 160, 162.91,29451050
2017-08-30, 163.8, 163.89, 162.61, 163.35,27215770
2017-08-31, 163.64, 164.52, 163.48, 164,26729940
2017-09-01, 164.8, 164.94, 163.63, 164.05,16564340
2017-09-05, 163.75, 164.25, 160.56, 162.08,29491910
2017-09-06, 162.71, 162.99, 160.52, 161.91,21610300
2017-09-07, 162.09, 162.24, 160.36, 161.26,21905160
2017-09-08, 160.86, 161.15, 158.53, 158.63,28411740
2017-09-11, 160.5, 162.05, 159.89, 161.5,31506890
2017-09-12, 162.61, 163.96, 158.77, 160.86,71574560
2017-09-13, 159.87, 159.96, 157.91, 159.65,44866280
2017-09-14, 158.99, 159.4, 158.09, 158.28,23637310
2017-09-15, 158.47, 160.97, 158, 159.88,48846060
2017-09-18, 160.11, 160.5, 157.995, 158.67,28157630
2017-09-19, 159.51, 159.77, 158.44, 158.73,20565620
2017-09-20, 157.9, 158.26, 153.83, 156.07,52126240
2017-09-21, 155.8, 155.8, 152.75, 153.39,37350060
2017-09-22, 152.02, 152.27, 150.56, 151.89,46575410
2017-09-25, 149.99, 151.83, 149.16, 150.55,44366140
2017-09-26, 151.78, 153.92, 151.69, 153.14,35907770
2017-09-27, 153.8, 154.7189, 153.54, 154.23,25402270
2017-09-28, 153.89, 154.28, 152.7, 153.28,21983410
2017-09-29, 153.21, 154.13, 152, 154.12,26204670
2017-10-02, 154.26, 154.45, 152.72, 153.81,18631540
2017-10-03, 154.01, 155.09, 153.91, 154.48,16216800
2017-10-04, 153.63, 153.86, 152.46, 153.48,20088940
2017-10-05, 154.18, 155.44, 154.05, 155.39,21215870
2017-10-06, 154.97, 155.49, 154.56, 155.3,17223790
2017-10-09, 155.81, 156.73, 155.485, 155.84,16243080
2017-10-10, 156.055, 158, 155.1, 155.9,15603520
2017-10-11, 155.97, 156.98, 155.75, 156.55,16861450
2017-10-12, 156.35, 157.37, 155.7299, 156,16380570
2017-10-13, 156.73, 157.28, 156.41, 156.99,16367780
2017-10-16, 157.9, 160, 157.65, 159.88,24093300
2017-10-17, 159.78, 160.87, 159.23, 160.47,18969700
2017-10-18, 160.42, 160.71, 159.6, 159.76,16252850
2017-10-19, 156.75, 157.08, 155.02, 155.98,42357420
2017-10-20, 156.61, 157.75, 155.96, 156.25,23907540
2017-10-23, 156.89, 157.69, 155.5, 156.17,21888930
2017-10-24, 156.29, 157.42, 156.2, 157.1,17633730
2017-10-25, 156.91, 157.55, 155.27, 156.41,21175670
2017-10-26, 157.23, 157.8295, 156.78, 157.41,16916650
2017-10-27, 159.29, 163.6, 158.7, 163.05,44387770
2017-10-30, 163.89, 168.07, 163.72, 166.72,44651420
2017-10-31, 167.9, 169.6499, 166.94, 169.04,35779520
2017-11-01, 169.87, 169.94, 165.61, 166.89,33482970
2017-11-02, 167.64, 168.5, 165.28, 168.11,39668100
2017-11-03, 174, 174.26, 171.12, 172.5,59332210
2017-11-06, 172.365, 174.99, 171.72, 174.25,34770480
2017-11-07, 173.91, 175.25, 173.6, 174.81,24332120
2017-11-08, 174.66, 176.24, 174.33, 176.24,24358920
2017-11-09, 175.11, 176.095, 173.14, 175.88,29422610
2017-11-10, 175.11, 175.38, 174.27, 174.67,25129510
2017-11-13, 173.5, 174.5, 173.4, 173.97,16956290
2017-11-14, 173.04, 173.48, 171.18, 171.34,24683350
2017-11-15, 169.97, 170.3197, 168.38, 169.08,28998220
2017-11-16, 171.18, 171.87, 170.3, 171.1,23598650
2017-11-17, 171.04, 171.39, 169.64, 170.15,21884010
2017-11-20, 170.29, 170.56, 169.56, 169.98,16041550
2017-11-21, 170.78, 173.7, 170.78, 173.14,25047130
2017-11-22, 173.36, 175, 173.05, 174.96,25558680
2017-11-24, 175.1, 175.5, 174.6459, 174.97,14026670
2017-11-27, 175.05, 175.08, 173.34, 174.09,20591090
2017-11-28, 174.3, 174.87, 171.86, 173.07,26387240
2017-11-29, 172.63, 172.92, 167.16, 169.48,41459120
2017-11-30, 170.43, 172.14, 168.44, 171.85,41484540
2017-12-01, 169.95, 171.67, 168.5, 171.05,39735110
2017-12-04, 172.48, 172.62, 169.63, 169.8,32512580
2017-12-05, 169.06, 171.52, 168.4, 169.64,27315530
2017-12-06, 167.5, 170.2047, 166.46, 169.01,28397810
2017-12-07, 169.03, 170.44, 168.91, 169.32,25656110
2017-12-08, 170.49, 171, 168.82, 169.37,23285760
2017-12-11, 169.2, 172.89, 168.79, 172.67,34260890
2017-12-12, 172.15, 172.39, 171.461, 171.7,19088170
2017-12-13, 172.5, 173.54, 172, 172.27,23402510
2017-12-14, 172.4, 173.13, 171.65, 172.22,20442740
2017-12-15, 173.63, 174.17, 172.46, 173.97,40122100
2017-12-18, 174.88, 177.2, 174.86, 176.42,29385650
2017-12-19, 175.03, 175.39, 174.09, 174.54,27393660
2017-12-20, 174.87, 175.42, 173.25, 174.35,23451420
2017-12-21, 174.17, 176.02, 174.1, 175.01,20848660
2017-12-22, 174.68, 175.424, 174.5, 175.01,16339690
2017-12-26, 170.8, 171.47, 169.679, 170.57,33113340
2017-12-27, 170.1, 170.78, 169.71, 170.6,21477380
2017-12-28, 171, 171.85, 170.48, 171.08,16412270
2017-12-29, 170.52, 170.59, 169.22, 169.23,25938760
